SampleId,Class,1,2,3,4,5,6,7,8,9,10,11,12,13,14,15,16,17,18,19,20,21,22,23,24,25,26,27,28,29,30,31,32,33,34,35,36,37,38,39,40,41,42,43,44,45,46,47,48,49,50,51,52,53,54,55,56,57,58,59,60,61,62,63,64,65,66,67,68,69,70,71,72,73,74,75,76,77,78,79,80,81,82,83,84,85,86,87,88,89,90,91,92,93,94,95,96,97,98,99,100,101,102,103,104,105,106,107,108,109,110,111,112,113,114,115,116,117,118,119,120,121,122,123,124,125,126,127,128,129,130,131,132,133,134,135,136,137,138,139,140,141,142,143,144,145,146,147,148,149,150,151,152,153,154,155,156,157,158,159
1b_100a,100,128061,9238,18070404,0,1164783,28104,19675,47611,223203,119311,396008,85818,41667,107694,17718,0,0,513816,53503,301005,2567656,336932,19250,0,20078,1821285,326173,0,0,27483,48918,0,31686,0,211608,43709,114278,23210,1272715,185402,208774,40338,282720,2200046,278616,898212,0,391808,30667,0,70359,0,0,20104,0,0,30981,299163,0,0,1695368,4038738,0,0,0,0,0,76117901,135051,13439,0,0,1153661,255775,88477,21575209,44062,232675,561600,1446598,0,24855,171044,254923,630232,106996,0,104828,3060242,0,0,73489,127737,414292,45161,569616,20150,431307,160464,120104,0,177419,567966,114158,150628,408197,24304537,30670396,659692,2436033,3005864,0,128700,0,1206207,549344,188013,86873,453975,1277529,87196,29535,26446,19871,85062,0,1558169,350497,27594,90932,30017,122025,31979,330101,47820,0,343087,240481,734470,0,50917,0,0,57167,40709,4164918,35845,1013077,128884,71562,103447,373104,148295,208010,0,0,61712,0,0
1b_100b,100,142670,8108,22635843,0,1099914,43339,11417,95915,243773,173200,323272,60820,40529,64044,19309,0,0,475139,58088,427327,3606584,319085,18427,0,0,1121667,266774,0,0,25089,32863,0,27758,0,188581,39153,111161,22643,1439379,201502,245649,55532,169471,2557887,236968,932532,757263,387121,23860,0,71125,0,0,22328,0,0,26446,104760,0,0,1516870,4336915,0,0,0,0,0,74893184,128372,34975,0,17224,1466438,0,98277,21818624,61460,158387,413329,1487358,0,31517,118301,184994,693583,98804,0,122706,3220123,72774,0,0,96053,240611,26976,575564,0,453452,155464,0,0,79044,606101,66886,0,483679,23336975,20678488,0,0,2148240,0,101139,0,1249074,553010,182015,145510,591633,1356640,80687,29515,19781,0,65066,0,515369,252813,13925,77050,29759,70737,25574,368352,13603,0,298767,150383,713958,0,58721,0,0,18212,54328,3946154,23539,777081,93110,75342,105943,266333,0,113911,0,0,0,0,0
1b_100c,100,136552,11469,19283590,0,1128894,30908,21457,48205,192859,116181,428502,76116,40078,198731,20839,0,0,553919,65494,311691,2515756,370475,16823,0,21705,1622548,364594,0,0,36577,49460,0,34591,0,191023,47046,135580,32384,1582038,238086,206310,49081,219237,2299610,288302,814001,0,377400,30726,22225,95365,0,0,18756,0,0,34715,210064,135336,0,1953716,4483385,0,0,0,0,0,49283872,119560,14115,0,0,1245032,0,80052,22324548,49078,309577,721299,1653704,18850,21688,229004,341649,605988,0,0,129868,2926280,0,76745,142822,148438,949957,102461,720625,41089,547625,151942,199557,0,338598,637399,255605,141056,486937,24615476,28184838,0,0,2776648,0,153445,0,1177131,587450,217869,153716,508947,1295479,88603,26888,44193,27671,96931,0,1642287,423350,25019,88974,33652,128297,30430,435409,47791,0,344900,235123,762722,0,64683,0,0,210590,48854,4304335,31557,871610,148049,81163,147762,457915,116587,171691,0,0,0,0,0
1b_100d,100,125401,7669,18373224,0,1048853,21032,26873,36954,269104,81081,133809,0,0,93079,20024,0,0,515559,46209,267004,2177920,350382,11242,0,0,1734641,364031,0,0,29731,64526,0,32008,0,175668,45484,137112,27722,1327888,213159,217410,0,190428,1891383,235880,578839,0,345602,44153,23076,83640,53091,0,0,0,0,31571,197638,160463,0,1534668,3656270,0,0,0,0,0,40645496,123302,0,0,0,1031353,187987,63848,19962089,58893,221253,528677,1230620,0,17781,172021,250838,487467,63144,0,93741,2135414,0,0,68734,179487,411518,46148,572129,19944,414082,108503,203413,0,134680,474038,120147,123057,432258,19022946,21373762,0,0,2263232,0,101444,0,758411,476545,154740,70586,403174,968550,81113,24368,25790,14333,67897,0,853590,190591,21123,74256,22866,81996,15672,304854,23184,0,252419,177301,590229,0,43851,0,0,121092,33809,2894430,28152,923804,119317,56448,109387,302171,86444,114082,0,0,0,0,0
1b_100e,100,107555,11041,21628398,0,961687,31610,10815,97458,200841,163853,789270,0,50012,96700,18753,0,0,483389,45465,352140,3106368,272823,13372,0,14226,1094294,325661,0,0,21469,0,0,27148,0,162034,42926,93189,0,1114487,142324,212419,42757,127258,1964683,184553,669134,0,380801,16295,0,71315,47203,0,22416,0,0,0,0,143674,0,1382537,3671102,0,0,0,0,0,42580352,127810,29271,0,0,1689386,0,72567,21327598,0,167354,481403,980465,0,32250,121432,186492,497481,0,0,97745,2194877,0,0,58907,84655,360170,40650,569599,0,373140,139502,201951,0,135926,450277,96980,0,358529,17144135,15444512,0,291510,1750008,0,111474,0,892599,389601,143295,0,553122,1076787,71559,29585,23556,0,77800,0,719065,252978,0,57553,0,65322,0,292033,21756,0,231935,0,528583,0,0,0,0,0,0,2916963,0,846563,110539,66273,85610,179926,0,0,0,0,275858,0,0
2b_100a,100,0,0,3586979,0,1284013,26596,8647,187333,64148,157555,684238,29413,0,54201,32833,0,0,1603736,0,0,72812096,3243405,0,0,0,377865,536772,0,84215,0,0,0,19975,0,186815,29693,99867,43551,711335,58653,743343,0,66474,197663,96803,336799,2216764,0,652096,28300,61212,49064,0,0,0,0,0,78086,0,0,603413,1441065,0,0,0,0,0,7066652,56281,0,0,0,0,0,0,27005093,0,141315,355959,470797,0,26659,141047,164509,413179,0,0,0,430562,0,0,0,0,44082,0,0,0,0,66159,126108,52635,0,141163,0,0,0,7273726,6598643,0,0,89184,0,78203,0,84699,230065,0,0,24955,268030,111087,24818,0,0,0,0,147616,156110,18560,2388628,40647,0,0,34758,0,252947,48700,0,228140,0,38039,0,39342,0,0,1261326,0,0,194052,0,55865,172917,0,0,0,0,0,17601,24142
2b_100b,100,55092,6726,7743425,320942,2215450,40419,11696,286407,62728,214969,801283,28630,48436,115461,29133,5749,1960175,65180264,21806216,260534,65180264,2879356,16545,11516,40592,308068,395227,9717,22237227,0,0,0,18799,70643,190647,25895,70643,5376,785591,84830,648817,9823,124527,346716,124527,396290,5030270,331385,3973572,20006,44846,40321,73621,0,6348,27468,8991,11465,0,0,698903,1519869,57633,1044284,32270,69779,7926,12272360,61615,2897,5630,3380,147126,111087,41505,22868104,20384,173824,423487,452864,3236,24589,158465,206151,319923,42897,17805,673037,726978,47256,62945,0,9156,126173,0,13431,0,80629,46174,106756,67796,0,154282,27446,0,281957,7355742,7589862,91666,2723703,88655,272576,104032,0,90784,196559,35769,73076,36232,344502,93993,25296,105707,0,0,0,309003,247777,17541,2246635,43694,41751,8381,62875,0,195440,36488,74122,179208,0,34607,0,41216,30184,0,1245742,38746,67641,154919,0,153278,189939,27505,27982,40349,17698,80450,14266,12451
2b_100c,100,51195,5445,3664068,20542,2299868,49070,10873,324496,72483,219199,2262895,0,0,85245,32483,0,0,1207435,0,278520,68159040,3148506,0,0,0,327968,421679,10053,0,0,0,0,18295,0,187842,0,74944,42815,722509,82665,662103,0,73623,269301,96606,328861,2805719,95994,0,18793,53310,37018,0,0,0,0,0,53190,0,0,730290,1380653,0,0,0,0,0,10350990,53283,0,0,2973,129425,116507,0,22836888,0,161316,446870,409941,0,27424,153287,197660,358934,0,0,0,380267,0,0,0,0,76305,0,0,0,74872,67940,69875,65652,0,0,0,0,0,7014027,6318980,80810,0,110813,0,92840,0,82424,195693,0,58511,0,235819,89554,21836,0,0,0,0,188741,347510,24690,3192457,43613,0,0,48477,0,294802,39985,0,167953,0,33626,0,53845,26845,0,891171,46684,0,169425,0,106357,188531,0,0,0,0,0,17375,0
2b_100d,100,54303,26224,2758837,395755,2638768,49882,7992,657330,51912,195878,1933046,29507,33826,46222,25967,6047,2787845,83433472,31790274,355178,83433472,3682656,12191,16044,59529,183325,360107,11622,32353884,0,0,0,16769,64912,138266,20800,64912,4502,644899,42736,889575,10138,52735,177951,52735,258907,2851263,333337,3819153,20150,41001,38220,69288,0,5601,19427,9210,9866,0,0,351128,1153025,39100,817465,32746,59040,8365,5693879,37882,4838,1926,6426,96154,47841,27482,24259283,1260775,88273,254356,402660,1611,35910,80947,98706,329267,31743,15887,297952,280658,29857,155228,0,1810,50157,0,11804,0,23216,32697,42337,21464,0,107250,6886,0,218875,5629804,4123686,74114,1403462,66095,137583,49950,0,64752,175547,20258,33621,18064,172851,92008,13063,1911,0,0,0,104079,56939,11876,3083123,44430,29647,8413,19234,0,218966,19575,47467,141938,0,28485,0,36624,15857,0,675334,30150,18980,96022,0,58093,126233,2075,3173,583,14790,36263,8680,8145
2b_100e,100,63805,0,10239004,0,2396437,46621,0,402247,65173,183084,1949098,35556,0,47114,28333,0,0,1207962,0,0,67652224,2660558,0,0,43280,316294,390153,0,93519,0,0,0,19865,0,147821,0,0,35519,1007962,108464,644078,11774,117257,377750,79431,414855,3507377,117894,0,0,44287,0,74721,0,0,0,0,0,0,0,473102,1876937,0,0,0,96605,0,13851014,45998,0,0,0,244635,0,0,22022426,0,111111,299675,473027,0,24081,100473,144671,403204,0,0,0,488654,0,0,0,0,53988,0,0,0,108243,73582,107463,0,0,144055,0,0,0,9252764,8336051,0,0,147380,0,66081,0,94077,188909,0,0,27488,305981,74199,24054,0,0,0,0,180366,195624,19188,2606651,63297,0,0,69854,0,276111,0,0,201781,0,0,0,42456,0,0,1032798,41687,0,132718,0,68397,252166,0,0,0,0,0,0,0
3b_100a,100,74494,7697,3919747,17461,2576797,126634,12348,494015,1808008,152104,856403,145639,0,125186,13333,0,0,1908763,58180,83623,3937064,177451,25742,0,21594,524072,271303,0,0,0,135479,0,40044,0,258329,44920,79510,13662,1668377,0,422765,31301,187456,2282406,274831,687011,6374983,687812,652177,0,46061,23604,0,0,0,43664,27776,86677,0,0,1191664,4345996,243135,0,0,0,0,70344782,192750,47973,0,25859,151860,0,109657,17401639,62275,173387,467326,1478188,0,96595,137182,170900,906148,0,0,191144,3007847,126731,69542,0,1056341,280834,30789,0,0,466241,149427,306620,78700,88402,321426,85107,130456,359120,26292520,21666937,0,0,76455,1227052,78951,0,330801,0,206257,0,174687,861841,0,17365,58072,0,0,0,785654,333754,15978,1627730,203630,178213,38166,370786,0,214958,209227,189867,374717,0,43900,0,0,43641,0,2071341,30076,170545,65253,0,98743,123868,124613,134691,0,0,0,15339,0
3b_100b,100,81936,13449,5029650,19334,2485620,64933,23454,275543,1633408,220623,227603,142572,0,192658,18720,0,0,1688343,66648,60582,3404616,256013,23141,0,26646,960859,496622,0,0,0,163272,0,47949,0,283787,53597,101652,27860,1731587,0,460734,19591,249098,2274870,315941,517556,6616944,613744,1103794,0,63212,32709,0,0,0,0,26582,253169,0,0,1690395,4199552,234135,0,0,0,0,68699488,204517,17440,0,10328,471372,294232,92388,15205235,54236,236714,565463,1391375,0,74699,304925,239732,732130,0,0,207072,2674889,126563,45656,0,1425992,281535,32200,0,0,413020,214963,172878,83575,101587,259035,97636,112664,314245,22234356,23033006,0,0,68416,0,83456,0,203441,242525,188746,0,139693,687582,62748,16110,48037,0,0,0,974546,139370,23218,1192054,157165,189388,28195,267304,0,182926,146083,189921,282111,0,38371,292647,0,0,0,1544863,33864,135554,75458,0,74773,69086,86843,94925,0,0,0,0,0
3b_100c,100,84635,9245,2261324,25362,1414073,72096,10519,381326,916887,190426,412509,167224,0,187082,19247,0,0,1969937,64459,106903,5284320,290901,27107,0,30332,545340,500371,0,0,0,131262,0,48072,0,296945,51922,110489,24439,1926472,0,536219,34977,219419,2424429,307630,623304,3737128,290146,1725120,34492,85486,36194,0,0,0,0,31910,174054,0,0,1513247,4709303,232671,0,0,0,0,69253188,190660,39444,0,19938,484968,0,101385,19227637,50039,188265,565134,1543550,0,108023,190757,193902,798110,0,0,211015,2883369,129797,109850,0,1010009,313599,34867,0,0,485977,263274,438969,80824,94510,325958,85145,124778,383208,23291460,21393984,0,0,70494,0,79362,0,288035,259914,223341,0,139967,835509,66323,22054,58772,0,0,0,841429,423884,21832,1683817,184867,218644,32932,377655,0,295873,201107,204074,368537,0,53970,0,0,32419,0,2115702,32835,163891,79498,0,97683,140551,146740,123928,96773,0,0,0,0
3b_100d,100,52621,11129,3646970,15061,2274424,91141,9493,547210,1510845,147772,610518,127463,0,114685,12889,0,0,1886221,44334,62460,4033856,197095,22469,0,18556,428570,332518,8674,18508,0,156634,0,38548,0,225605,40246,81624,13415,1514444,0,430943,21915,175011,1885974,175011,604087,6416995,561385,790748,0,52930,25372,60706,0,0,0,28595,115702,0,0,1107633,4032564,221905,0,0,0,0,59449189,151869,26748,0,13476,0,0,101808,17176773,40298,150791,502212,1402026,0,85770,150471,165006,831605,90695,0,149736,2493864,117498,95280,0,1376456,296458,33088,0,0,394352,157346,93529,70956,85464,297421,85802,112191,305644,24080513,18460223,0,0,80149,0,78215,0,238714,294816,180816,0,126036,725407,66758,23135,59692,0,0,0,892831,448104,26623,2070181,201867,154012,34971,298344,0,231786,192596,174710,393047,0,45897,0,0,33263,0,2193877,31141,136022,77342,0,114926,152140,101766,128252,77309,0,0,0,0
3b_100e,100,75185,7696,3172837,16927,2397743,104434,19992,535717,1819796,164024,847676,132651,0,182387,17027,0,0,1774989,53876,67545,3513920,243807,28140,0,20307,601118,308310,0,0,0,190231,0,43510,0,320726,50754,91504,21680,1533641,0,471083,30148,204780,2275577,274124,687959,5336255,448712,1156293,23672,61168,26301,0,0,0,0,29674,176478,0,0,1866065,4089162,218938,0,0,0,0,70688425,198516,28991,0,14904,125320,0,113277,16134661,50444,239636,530276,1400656,0,86497,243166,232024,724595,125691,0,201200,3053554,139472,86160,0,1890562,311757,34828,0,0,413724,157458,106601,85555,107920,296561,104249,127771,375797,24152592,21657319,0,0,92026,741796,95480,0,322622,264523,169904,115554,155852,871006,68143,22000,62933,0,0,0,1110358,313927,30718,1401866,173428,185317,31661,316582,0,193024,187692,189854,348938,0,48677,0,0,36212,0,2224172,35867,143212,70181,0,97652,142394,122852,125232,0,0,0,0,0
4b_100a,100,83058,18321,2092010,17857,3304469,85339,12716,967318,1347893,217106,543378,644552,0,102685,25487,0,0,969212,82710,75542,2430472,172265,23987,45667,0,266788,900032,53274,57924,0,0,0,46988,15734,289750,45653,134295,46729,1428113,233859,552881,28097,115166,2147537,0,553311,2270141,0,386536,0,57193,37309,0,0,0,0,0,0,0,0,1050359,3913263,0,0,0,123631,106945,52990774,147433,25533,0,23555,156154,0,0,18407429,59310,139843,455576,5335800,0,0,169265,136344,564804,74038,0,149574,1703723,153938,803223,0,253400,175048,0,0,0,551181,184977,0,0,0,393947,0,0,409043,16979873,11448519,0,661952,65868,1149344,66952,0,186245,191591,235054,0,73781,456679,77235,28250,26399,0,0,104845,115687,523565,0,736713,123726,226916,23314,296300,0,0,144119,159499,356615,0,82924,0,0,21359,0,1237935,35208,91321,667197,0,99312,190725,0,0,166661,62346,62611,97117,22920
4b_100b,100,79852,0,2100777,0,3444595,76392,0,1003502,649103,161937,579371,504912,0,46584,0,0,52441,880005,79102,48716,2421536,128421,25321,30205,0,111552,375958,23704,66814,0,0,0,37379,0,228654,43606,103962,43222,1101708,175417,489105,25955,121844,2266647,40011,677635,1941172,0,176550,0,41468,30102,0,0,0,0,35938,0,0,0,610378,3472108,0,0,0,117083,0,62619841,65311,14100,0,0,0,0,0,15756034,52609,80785,283849,2379121,0,0,70694,82860,539221,71428,0,175274,2106556,180912,360374,0,98328,78476,0,0,0,503098,166064,0,0,0,308409,0,0,435876,14597454,12543371,0,745400,82668,0,0,0,199917,166555,189040,0,33869,635295,74032,25266,0,0,0,0,51770,208858,0,491832,97106,227971,0,296957,0,0,106137,0,308128,0,0,54876,0,0,0,1530601,36451,89192,0,0,0,175777,112175,0,168362,0,0,47237,21396
4b_100c ,100,75323,5717,2544186,17036,3147157,78449,8646,938145,917722,144705,668265,481034,0,114876,0,0,0,767911,66165,60156,2231056,141925,26932,34956,0,166371,352550,39857,53341,0,0,0,34446,0,251894,40435,102912,31854,1199179,289808,491433,30908,116845,2541806,49641,702888,1536119,0,208878,30352,43929,30298,0,0,0,0,44834,0,0,0,1311771,4012352,178983,152057,0,0,195885,69836132,81508,43433,0,35081,0,236093,158978,16009821,68235,107616,331779,2204942,0,0,80667,107640,570858,86306,0,210106,2696366,207636,290124,0,194154,171112,0,0,0,734114,0,349233,171996,0,390052,18138,0,605816,18158502,12185416,0,817456,78433,0,69188,0,216643,161004,212136,140459,48486,783628,74452,26383,0,0,0,0,110116,338232,0,591395,133639,230593,28360,482398,0,60167,142975,96871,388504,0,67783,76733,0,0,0,1762926,33211,151812,217173,0,85975,261170,166442,0,0,58887,51027,131863,26295
4b_100d,100,132116,0,1544029,0,1779679,43388,0,610954,474844,79114,836093,253611,0,55822,21012,0,50454,1192146,79382,49418,2583024,149081,31897,0,0,161660,356751,22928,0,0,0,0,43209,0,246184,47198,119796,43254,1312464,211584,520558,0,144741,2743841,0,871715,4325606,0,705912,35451,48724,33396,0,0,0,0,41629,0,0,0,849256,4013780,182059,0,0,0,46247,76465367,106337,15228,0,10901,0,0,178436,18389336,65245,94377,251083,1230986,0,0,86356,91787,640052,82081,0,219487,3006556,198416,264438,0,185539,106587,0,0,0,526154,224223,324562,72237,0,369914,0,0,457955,18268560,14472303,0,0,84054,1283532,57123,0,233284,169748,207996,0,49307,836855,72517,26426,0,0,0,0,59856,313962,0,694785,113776,233151,0,344299,0,64567,141752,137339,396304,0,78195,74163,0,16713,0,2087515,29865,134832,154671,0,77719,210230,0,0,237022,49877,38520,93285,21416
4b_100e,100,76415,0,2934548,0,2896948,62925,0,615840,895271,116346,1055432,368773,0,66669,0,0,54177,956350,65520,33721,1939000,119094,24697,0,0,157657,339592,0,61209,0,0,0,37429,0,235150,46973,103311,39866,1132744,163231,452282,21487,132838,2211974,0,610254,3038402,0,269817,0,44265,34182,0,0,0,0,0,0,0,0,1037702,3237395,0,0,0,112102,0,63429065,96262,10117,0,0,0,0,135223,11491728,0,83778,243267,1305024,0,0,59383,85001,479848,72298,0,166146,2221596,170592,210208,0,216756,87840,0,0,0,467034,172062,251657,0,0,288301,0,0,394932,14491302,12386977,0,0,89649,1010337,54240,0,175772,153039,177802,0,49753,647308,74205,23919,0,0,0,0,59000,242492,0,507694,90785,196398,0,293677,0,0,103061,112039,262513,0,73488,54569,0,16806,0,1492622,33203,104424,112450,0,66547,160712,0,0,107939,52846,38242,86168,21232
1b_80c,80,77690,0,24351637,0,770202,22550,10093,46697,160670,38629,4732530,0,29112,14150,0,0,0,210155,15618,98377,742215,74474,4787,0,0,763221,116744,0,0,0,0,0,14092,0,72157,17598,43966,0,410190,82853,83639,21733,40944,771563,64938,225820,187387,103285,0,0,21368,0,0,0,0,0,14248,35776,0,0,13759856,1682898,0,0,0,0,0,32385225,208674,25963,0,11098,0,0,39595,10185319,0,173333,527594,561630,0,0,406428,165958,310812,45945,37578,0,1104502,0,0,0,69408,81821,0,147444,0,247788,85514,166133,0,0,192429,0,76258,288338,8512991,6111327,0,0,575616,0,87365,0,564470,242294,0,0,1064405,519397,23768,12194,0,0,50341,0,147936,172288,0,28423,12115,0,0,166070,0,0,52656,0,147991,0,23433,0,0,13161,53215,1168370,0,0,69802,146034,94187,60185,0,0,0,0,0,0,0
1b_80d,80,83346,0,13105817,0,424225,13682,7889,32560,190756,98731,2704756,41274,28902,40978,0,0,0,319392,17242,111669,796554,87984,0,0,10584,984226,176034,0,0,0,0,0,0,0,70626,24194,53974,0,487751,89274,92616,22529,60919,869981,87923,196570,0,66749,0,14105,28534,0,0,0,0,0,19459,57937,46782,12590,36079947,2084458,0,0,0,0,0,38371153,141372,24478,0,10502,183545,0,36727,12476443,29928,371281,902897,748787,0,0,1094633,271035,280635,0,71203,0,1254974,0,0,0,123702,273992,0,186275,11628,351388,0,376120,0,77867,246164,62305,81380,436824,9073108,8632085,0,0,633130,0,126474,0,679612,230159,62825,142886,1204804,599146,0,14803,24399,0,67286,0,541755,260886,7541,36585,12638,24880,14350,258607,0,0,93459,0,239532,0,27527,0,0,0,63221,1394642,0,0,0,221641,125295,69177,0,0,0,0,0,0,0
1b_80e ,80,74117,0,23689996,0,784330,26747,8044,49800,90018,64308,3686063,0,20463,17904,0,0,0,239515,15656,111941,796388,82320,4613,0,0,593713,83899,0,0,0,0,0,16173,0,71263,21037,43629,0,465978,80489,89400,24290,58316,745258,92164,196810,175117,72078,0,0,26274,0,0,0,0,0,0,32038,0,0,12383283,1953222,0,0,0,0,0,31642611,182720,31906,0,13921,178338,0,31808,9340228,0,199548,618302,686933,0,0,410446,200751,274423,0,45720,54221,1059290,0,0,0,94446,118351,12504,212799,0,277721,47825,213983,0,0,238677,20971,70548,303246,8668843,7101923,0,0,549333,0,113592,0,576487,211908,0,0,1539991,494535,0,0,13819,0,63238,0,193334,490697,0,29091,12244,18586,9910,187255,0,0,65056,0,168520,0,19609,0,0,78543,72184,1039907,0,0,57212,169973,99928,46156,0,0,0,0,0,0,0
2b_80a,80,33618,43453,4979543,151384,1087669,6846,14359,40178,145677,68790,3874359,14356,4466807,10904,8706,2225,5482,23194802,6956637,100988,23194802,1649701,6099,3372,15514,244916,197800,4926,7214311,0,0,0,13963,36910,70277,16423,31561,3234,167831,17749,267814,5126,19002,103344,19002,97667,1362616,74630,1235269,16763,18089,15124,31048,0,12905,4580,4804,7960,0,0,666311,484143,158507,340798,39966,12864,3348,4954029,18330,3556,2579,525,63671,39669,15949,14333892,10268,114411,473535,184463,3051,16836,144406,135960,214585,18234,21429,14420,193803,14781,55456,0,14351,108906,0,6501,0,21975,30275,107978,41944,0,43828,18050,0,105261,2412923,1979054,27438,659892,30420,340379,69553,0,39674,100514,5923,112818,22917,138812,35362,10161,25997,0,0,0,309147,368031,14143,1805403,11363,20574,2088,14573,0,74836,5966,17866,56103,0,24904,0,25167,42732,0,629865,19538,11473,162022,0,110414,114739,1742,3543,707,6742,19578,51732,11136
2b_80d,80,44001,27446,3099184,133242,635185,7357,14713,37200,354158,108195,3882898,29436,28201,31989,17266,5502,9334,25978538,7880514,123252,25978538,2145725,9081,6470,24227,460972,223034,7542,21820,0,0,0,23724,45057,98991,24361,45057,4119,281967,45137,326703,8770,52834,204605,52834,157907,1788599,60103,1435557,34004,27550,20408,44237,0,53067,8031,11149,8916,0,0,1278127,879907,276259,5251,31034,20385,7012,11014884,28398,5251,5317,7773,104835,60808,27900,18305948,11334,178730,563088,331607,6519,19556,231220,211575,289816,33980,40425,25876,448245,25183,74290,0,70832,176228,0,11826,0,39632,47051,180521,68423,0,86763,69643,0,177999,4133104,4983294,35588,1677269,56259,423232,115865,0,67485,119330,19278,125302,52621,282270,49383,15651,66313,0,0,0,1228016,259716,15160,2312670,24143,15669,2365,52031,0,220499,16248,36321,138086,0,30375,0,34410,34214,0,1236516,25283,27571,255326,0,76703,172079,18969,2775,592,5256,30577,11075,10469
2b_80e,80,40239,42469,4700746,173571,1364885,8129,36189,82820,192998,65026,5657696,16645,5342602,15234,10607,3087,749170,24835810,7481490,104657,24835810,1617769,5214,3305,15174,244433,136751,4074,7832543,0,0,0,15354,28976,73436,18280,25066,2436,161066,20686,260655,8630,19841,170320,19841,97601,1019392,41425,28318,15056,13675,13258,28976,0,65444,6789,7668,7646,0,0,739202,482540,177760,9857,54051,14807,5503,9342327,24082,6286,2864,3077,56645,29800,17395,11885056,6672,104356,387176,188241,2526,15266,119194,122307,192543,21054,23894,16559,345611,18060,48880,0,38754,110385,0,5114,0,41565,23238,102073,39881,0,44142,21579,0,134215,2456359,2715862,25134,935344,32975,199847,61358,0,43764,80177,14199,69180,46093,208674,34631,8862,29984,0,0,0,399463,208791,11173,1469668,13883,7931,756,33895,0,0,71879,7930,17136,0,22996,0,20543,19052,0,849507,14276,14679,106095,0,47481,94691,1064,1744,344,4413,17609,30627,8216
3b_80e,80,90972,10120,4560253,0,1198431,58393,12176,141605,494308,61986,4991801,108681,0,63613,26589,0,0,2449639,57944,80653,3621952,293020,23071,0,59364,1261500,470530,0,0,0,30026,0,70455,0,218522,71055,148685,25098,2232135,144473,335884,22950,173016,2091860,248755,582690,0,0,1375320,61065,85249,0,109533,0,0,0,23624,763730,0,0,872142,5201963,201055,0,0,0,0,57668120,204495,25344,0,12847,289044,255815,91660,25435819,46377,208923,511455,1623314,0,0,187006,188775,711622,0,61214,127597,1996839,87235,123353,0,156537,271189,30548,0,0,415506,183283,136684,88959,95437,324798,65151,113399,322318,23655526,17114863,0,0,113385,0,113953,251944,212685,346437,208456,147989,242898,685584,64722,32640,158585,0,0,0,1047911,517885,26995,1521347,185321,163265,31130,295268,0,269579,202046,178913,423532,0,50485,0,0,42930,0,2206021,38179,106504,125896,0,115968,174621,79196,105374,0,0,0,0,0
3b_80c,80,95158,13887,15559222,24455,2726502,54113,27372,110002,1163696,180053,2052632,147324,0,262040,16816,0,0,1642637,51285,55351,2064327,403125,20567,0,33698,2666738,402638,0,13861,0,53725,0,59173,0,252374,58532,149926,29621,1371616,162833,217401,18511,202442,1856520,249080,538696,4975248,388263,328828,33000,128505,0,0,0,0,0,24876,1607222,0,0,1305528,3704167,200394,0,0,0,0,57875179,466033,17198,17233,8320,1952065,359508,85858,17327466,55427,354440,838220,2365577,0,37678,332847,376667,497625,79280,90265,143974,2116463,105709,79418,0,391663,1225765,130152,88469,0,484127,288935,268768,189218,679745,275359,370278,94081,403876,18958651,18412746,0,0,132292,750023,226089,422971,200973,0,205428,183418,436017,755504,81753,26724,88909,0,0,0,6206652,679775,59743,2786504,139775,204773,25941,315088,0,287110,150850,174710,327982,33244,45711,124981,49637,47603,0,2130984,111503,0,347289,0,140968,187457,76645,94203,0,0,0,0,0
4b_80a,80,75154,45874,4533560,0,2823115,76903,0,794877,609666,88108,17382696,405350,0,32124,0,0,27084,1205068,48638,48972,2080536,121280,17492,30692,28579,237631,199322,24092,43256,0,0,0,59287,0,160221,48742,0,48333,1107474,123177,489921,20151,78506,1788983,104362,461171,2904840,0,178823,0,55246,0,0,0,0,0,0,0,0,0,395626,3241807,0,0,0,0,39543,43183444,135197,13302,0,9120,131795,0,112808,11788630,0,83934,223025,2537701,0,0,44392,102207,403444,0,0,0,1369722,130666,0,0,112358,46952,0,27662,0,348366,0,104920,65548,0,263593,0,0,180478,10183492,7531065,0,322151,65797,722674,82597,0,131362,144397,0,70164,88451,368680,75568,21359,0,0,0,0,40521,0,0,782059,66267,106412,0,187174,0,0,70097,61704,229647,0,55674,0,0,14525,0,976608,28375,0,143377,0,0,117506,0,0,70776,63967,37377,75551,15845
4b_80b,80,74141,0,2242288,0,1257768,54693,0,817815,629394,297315,17708283,404178,0,47587,21969,0,0,1106138,43031,65809,2031680,139912,18891,23931,36204,263011,355094,0,37883,0,0,0,85512,0,163612,40252,0,0,980112,108706,418566,23116,72417,1356200,70005,428504,2605284,0,245587,36614,62049,0,0,0,0,0,0,0,0,0,564400,3088012,0,0,0,0,37828,35612693,117758,0,7353,0,98208,0,0,9747120,0,115467,297237,3360563,0,0,52406,113918,363011,0,0,89723,1060118,97496,130791,0,129149,52007,0,0,0,271429,0,0,75196,0,244099,0,0,277315,12104360,9979938,0,0,49830,1262146,103368,0,139602,142653,0,0,95065,456380,0,0,0,0,0,0,159130,612134,0,901101,0,117266,0,247076,0,66701,78630,0,218581,0,0,0,0,34637,0,1086435,30289,0,155856,0,52517,140384,0,0,0,54360,0,41482,12224
4b_80c ,80,62932,6998,2466825,252539,1309535,39268,10039,319034,1265336,228048,7517803,375360,0,81943,19082,11042,0,1263222,42953,70676,1825240,158791,18405,22899,0,347480,867418,0,0,0,0,0,128302,0,175709,64619,105151,0,1171298,0,392017,18540,100366,1794624,0,486225,2663894,0,0,41455,65187,35305,73496,0,0,0,26346,0,0,0,1066792,3702013,0,0,65364,0,34129,47882368,83676,8569,0,0,117318,0,0,6404664,0,144929,662305,856147,0,0,92642,157183,374574,0,35488,96514,1474432,104005,0,0,208155,190930,0,0,0,346129,140716,143226,95998,0,230321,0,0,0,0,0,0,0,0,0,0,0,0,0,0,0,0,0,0,0,0,0,0,0,0,0,0,0,0,0,0,0,0,0,0,0,0,0,0,0,0,0,0,0,0,0,240696,0,122664,94475,61888,0,0,0,0,0,0
1b_70c ,70,80090,0,21290808,0,903342,18798,42315,17882,117404,72000,1602925,0,32650,138324,0,0,0,373419,17639,100612,646076,96243,4790,0,9639,665408,139602,0,0,10385,0,0,34409,0,96607,31663,52126,9175,424672,93742,81839,21898,52031,762268,77285,190998,172651,48736,0,0,35062,0,0,0,0,0,0,48253,0,0,1752125,1684328,0,0,0,0,0,30631397,131907,0,0,0,0,0,26583,9284342,0,223885,713672,550868,0,0,300041,203818,169007,0,48865,0,893501,0,0,119549,125293,486432,51535,174519,20203,255915,66528,163396,0,137438,139406,91637,0,330266,5357201,5301647,0,0,481289,0,112941,175714,432048,127930,44775,93742,852252,359804,0,0,14634,0,57969,0,1590847,540048,8165,32568,7350,0,0,147380,75014,0,22045,0,95363,0,0,0,0,87172,44750,759752,0,0,64691,161942,83212,42696,0,0,0,0,0,0,0
1b_70d ,70,76247,0,21515657,0,919164,22957,34769,27420,181774,69489,1707499,48805,26233,72496,0,0,0,361309,15610,101687,700746,80920,5070,0,35093,814478,124837,0,0,0,0,0,29715,0,95721,25421,46742,0,421645,0,92017,23177,56370,757685,85325,212105,205289,84715,9415,0,28483,0,0,0,0,0,16281,40163,49491,0,1203456,1876729,0,0,0,0,0,32703287,189738,21545,0,9991,165844,0,0,9508031,27176,171097,625222,718204,0,0,219303,186786,247789,0,0,0,1098613,0,0,73212,141171,273832,28242,192094,11140,283054,65209,147388,0,91574,205389,58449,62528,333606,8237847,7850883,0,0,557533,0,102262,157546,598259,0,0,55417,1030651,467498,0,0,0,20474,53684,0,981662,93067,0,36012,12132,0,15444,207418,45187,0,64462,0,187001,0,0,0,0,0,47894,1070106,0,0,75302,132161,83413,15911,0,0,0,0,0,0,0
1b_70e ,70,79706,0,12742490,0,522325,13789,41081,14592,80313,47860,902208,0,0,68368,0,0,0,487320,22217,116850,846240,103240,0,0,0,892080,200472,0,0,15709,0,0,43804,0,108885,38556,67013,0,517537,96296,94073,0,83723,796284,112609,256805,0,94601,0,0,33121,0,0,0,0,0,0,60358,63306,0,1523434,1972573,0,0,0,0,0,36610161,161548,17902,0,0,215045,0,32416,20375759,28631,210167,797452,970513,0,0,318847,222707,317856,0,0,59203,1316677,0,0,114536,158270,437811,45780,211376,0,302007,143831,71854,0,115806,280426,91943,80328,294587,10868523,11790244,0,0,11942028,0,110225,212148,672874,254356,0,0,1298375,567684,0,0,16673,30163,58519,0,1270037,604232,0,41622,0,31407,0,204564,62285,0,122774,0,295814,0,24033,0,0,94861,65988,1301489,0,0,93152,181486,94552,66774,0,0,0,0,0,0,0
2b_70a ,70,42763,0,3863861,0,607344,0,13737,24361,169482,50347,4461828,25878,0,13400,0,0,0,688722,0,0,21520592,2381218,0,0,17537,329831,182143,0,0,0,0,0,18767,0,74429,21624,0,0,162789,0,239893,0,21396,178830,0,96075,477204,0,0,25946,0,0,47160,0,0,0,0,54003,0,0,662120,600239,0,20150,33474,0,0,9500919,36102,0,0,0,116293,0,0,15074276,0,124610,588683,324722,0,0,110408,147304,192124,0,30365,0,352044,0,0,0,31956,162384,0,0,0,42916,67991,145676,53984,0,0,36170,0,0,2747799,2917010,0,0,47000,315931,83811,0,41283,77940,0,122777,56739,229624,0,0,77537,0,0,0,587040,334976,13639,1903870,0,0,0,41342,0,177709,0,0,98717,0,26322,0,0,38789,0,925075,0,0,173545,0,98182,159398,0,0,0,0,58624,38150,13933
2b_70d ,70,56083,0,3656844,0,686062,0,24303,41430,270795,86394,6236923,0,0,14170,0,0,0,777305,0,0,23023611,3024167,0,0,22374,507505,277997,0,0,0,0,0,27159,0,94068,0,0,17056,153375,19850,284816,0,17707,126466,17707,76665,0,28000,290748,34690,30268,0,0,0,36770,0,0,0,0,0,913702,442023,0,28480,41119,13089,0,5736306,43577,0,3781,0,0,0,0,16608726,0,149143,596528,170654,0,0,154329,175132,198237,0,22868,0,226000,0,0,0,91036,95937,0,0,0,0,64847,151004,48624,0,0,26793,0,0,2094951,1625928,0,0,39677,165462,82324,0,32418,0,0,78394,58691,152236,59651,16808,0,0,0,0,446520,156507,0,2326375,0,0,0,0,0,181488,15142,0,67199,0,24750,0,0,24937,0,591079,23342,0,188373,0,64046,96402,0,0,0,0,0,0,0
2b_70e ,70,42200,29469,3386518,140878,734372,5864,26831,47279,308887,140329,8814399,29624,25288,18213,12182,3287,741513,831309,6999945,118669,22981368,2219838,6146,4536,26018,501245,270662,5371,21119,0,0,0,27806,50715,100908,28053,39815,5060,186558,34455,274857,6963,38749,214081,38749,136536,1465925,36421,1185911,31853,25914,18100,45595,0,32925,8879,7866,201947,0,0,990140,639073,222149,9347,71064,18598,4733,11557586,47060,2572,5685,3668,94293,70113,26704,17213119,15468,164022,614889,361708,1656,14866,197978,191159,270939,29253,24905,20104,401444,20104,37497,0,50361,224057,0,16249,0,45295,49503,156507,52104,0,78772,32509,0,163624,3677638,4310722,93972,1481683,61421,229143,92885,0,59384,115933,16955,133079,65258,212476,70575,18994,67443,0,0,0,682796,1183411,19814,2558662,24581,14655,2026,37090,0,217893,24022,38082,111185,0,33170,0,34976,57692,0,866435,27930,11034,259509,0,169914,159037,7600,4129,1146,15652,33507,14299,7558
3b_70e,70,77710,10706,4569142,0,1055759,85266,0,201755,1189023,170116,8484072,132501,0,60798,27641,0,0,1560164,0,84973,3087704,205432,0,0,69319,555019,370613,12159,0,0,64115,0,40452,0,206330,44832,118413,24359,1448490,146617,312040,27254,120389,1434738,184527,480720,3848205,0,387834,49799,96851,44876,0,0,0,0,23178,96281,0,0,1128311,3530810,0,0,82427,109592,0,43439974,216511,27243,0,13824,165646,229314,71893,5265900,0,191921,427865,982185,0,71956,190026,182615,487363,0,0,100096,1344334,88898,114293,0,418126,170472,20570,0,0,276359,161415,303203,82957,29373,193117,39733,77703,220308,15411925,12113055,0,0,97985,534325,115120,0,186433,262084,124771,154405,240313,481611,69763,0,43719,0,0,0,256582,578186,19006,1518636,122445,0,20202,185224,0,172480,105451,101005,213468,0,40263,0,38542,48437,0,1255787,38565,0,94937,0,128723,118900,48150,48917,32321,0,0,14248,0
3b_70c,70,74371,9634,5466672,24341,790975,33962,0,59657,550676,144926,2936330,160838,0,84083,26324,0,0,1910667,45614,61363,2543328,268936,16545,0,59383,650720,464746,0,22938,0,71954,0,56511,0,188959,55458,156100,31012,1702351,0,349854,15411,157169,1410133,201334,410877,0,0,1423320,53721,101434,46831,0,0,0,0,22591,164622,0,0,1315648,4188424,152369,0,84054,0,0,42793188,202232,11587,0,0,0,253104,68992,5742986,24707,226408,477957,1189926,0,58911,246829,222069,522991,0,44778,84769,1297338,76344,114343,0,548747,250821,29770,0,0,317999,151363,158351,102994,52331,262535,52874,0,230221,17389224,15223717,0,0,107718,875038,133997,0,160368,315231,129880,184261,245304,508465,74761,26523,0,0,0,0,478856,651104,20223,1477700,0,141212,22443,227575,0,213254,140794,147665,289733,0,44804,267258,0,64939,0,1426803,45297,85331,106932,0,174341,133857,0,78288,0,0,0,0,0
3b_70d,70,79884,11860,5433444,268753,959161,78775,0,205928,909417,201478,11150780,138060,0,115667,35341,0,161031,1517074,37693,85206,2604568,221078,0,0,74573,614125,384663,0,24213,0,50155,0,39979,0,226293,41717,139825,33904,1381841,0,311154,29061,118850,1348541,174198,429507,4210906,0,298068,0,109411,49453,104099,0,0,0,14988,0,0,0,1228397,3413270,0,0,85145,0,0,42126771,236105,23956,9866,12873,0,276600,76124,7924647,0,274301,503033,1016462,0,59444,306395,245141,456783,66282,49144,87971,1332745,0,105629,0,344617,127597,15726,41577,0,313285,162590,151717,114654,29073,205775,36923,84295,260963,15881916,13095500,0,0,115111,422569,146816,0,175079,257220,145492,146083,283169,506561,76004,21501,25516,0,0,0,308077,361026,21910,1934194,115223,118753,22618,207860,0,209598,119577,106712,250450,0,43378,0,0,40626,0,1525606,58037,78107,136873,0,119319,118237,0,0,0,0,0,0,0
4b_70a,70,71180,6200,2337149,0,1168149,0,0,251637,389327,165875,9061866,149426,0,83355,0,0,0,1267108,0,59891,1898520,138411,0,0,0,306148,469735,23037,0,0,0,0,131596,0,176622,56623,104563,0,1076034,100645,404135,0,93136,1180629,0,389764,4898499,0,0,53857,67152,38283,89630,0,0,0,0,0,0,0,846960,3067105,0,0,0,0,0,33760416,102989,9370,0,0,0,0,0,8768337,0,125710,386744,1454635,0,0,58416,126357,306463,0,0,76810,985228,80490,225456,0,212960,195382,0,0,0,267010,88668,0,74628,0,199023,0,0,215490,9281870,8041927,0,0,91642,660103,83180,0,99857,113499,0,0,99332,335773,0,23538,0,0,0,66663,122530,609340,0,909509,0,97262,0,166107,0,69457,64191,63961,185658,0,56268,0,0,25348,0,873446,0,0,116765,0,82151,104656,0,0,0,0,0,84342,13958
4b_70b,70,66542,5941,1942563,0,1236588,0,17288,632616,403460,250480,20502631,333866,0,22858,0,26925,0,1357835,40259,98915,1955664,121872,15633,41838,24867,344811,420535,71465,0,0,0,0,71713,0,131243,46832,0,0,946482,96155,449829,20957,67320,1303573,95234,350022,2332574,0,221324,38667,56747,0,0,0,0,36205,0,0,0,0,444597,2889561,0,0,52301,0,364014,35712493,95971,63404,0,57172,0,0,84593,6427401,0,84682,306806,688418,0,0,71058,96705,307094,0,0,78661,1124021,78455,104066,0,68103,86327,0,0,0,242773,89639,0,64894,0,204278,0,0,226647,8841309,6531616,0,0,54169,1035234,70974,0,100283,134563,0,97228,89101,390417,0,21300,0,0,0,0,43226,129324,0,846066,60812,78707,0,158223,0,59697,61579,0,208399,0,47825,0,0,16844,0,1007221,22076,0,76359,0,0,100931,0,0,0,0,0,45045,11143
4b_70c,70,65440,9474,4700629,14925,2226147,55401,13491,324068,811148,271360,13372075,292417,0,114719,18453,0,0,871962,36558,56236,1599768,123992,17259,0,29963,359257,810348,24951,27506,0,0,0,120772,0,199595,54135,0,0,940257,0,334250,17510,78824,1338657,0,384714,2305730,0,204628,0,52880,32237,71231,0,0,0,0,0,0,0,1343915,2809730,0,0,0,0,47840,39817927,111622,0,0,0,93929,0,88317,4990612,0,132046,413841,643970,0,0,82412,128519,306574,0,0,84924,1119293,0,139452,0,182678,105535,0,0,0,287498,110820,110344,79136,0,178579,0,0,210537,9805014,9011505,0,0,41194,1144346,81024,0,116257,0,90416,0,83072,369714,0,19620,0,0,0,0,89116,117796,0,924216,61495,122984,0,186319,0,54139,53458,87578,174205,0,0,0,47905,0,0,899765,29035,0,123066,0,59864,66054,0,0,87904,0,0,48629,11336
1b_50c ,50,68560,0,9468851,0,658329,12413,34869,34439,418366,92448,5532132,43853,17064,96655,0,0,0,289577,23551,108564,772889,129807,0,0,0,835853,242156,0,0,0,20579,0,19812,0,119637,23235,0,8806,391235,104656,86690,0,41121,983254,42688,223582,0,0,33974,18949,30399,0,0,0,0,0,21713,158129,0,0,1815097,1830960,0,0,0,0,0,38357987,148811,14309,9073,0,0,0,39802,22711142,21976,0,1011862,552680,0,0,277779,280092,198994,0,44934,0,1243154,0,0,136804,428685,497367,54014,192492,0,356489,98418,86303,0,194775,197789,123618,0,386163,7405719,6437304,0,0,520500,0,138874,171865,505700,119456,0,0,689265,539129,0,0,26811,44424,75673,0,1638526,730153,16152,51231,8540,0,0,243329,84138,0,58858,0,200989,0,24030,0,0,165066,36547,1208809,0,0,96632,127611,118524,53378,0,0,0,0,0,0,0
1b_50d,50,86577,0,11298139,0,607485,12891,31318,22634,219681,52544,3172903,43118,0,97169,0,0,0,462078,24052,136446,895738,161947,0,0,42214,845687,283067,0,0,20394,0,0,36832,0,131919,34082,84083,0,435667,103845,132157,0,48038,1060315,76635,206450,0,62869,42855,21709,38548,0,0,0,0,0,23586,178807,0,0,1797334,2182139,0,0,21827,0,0,39152407,209514,20499,0,7823,0,0,37011,23804220,0,288909,1114036,599348,0,14236,289015,302047,223279,0,55813,56272,1136425,0,0,86573,560518,262632,28236,228475,0,376292,95500,102195,0,129015,197013,73125,61610,440328,6811222,5891344,0,0,457417,0,145361,155569,478931,129687,65460,106080,875201,487161,0,13181,24336,32127,79175,0,1556189,151541,12486,42603,0,0,0,252396,78822,0,60030,0,170824,0,24939,0,0,0,44233,1083132,0,0,93167,152620,78792,25740,0,0,0,0,0,0,0
1b_50e ,50,93156,0,11014364,0,522824,13372,16001,16344,264581,71884,1927065,60873,0,65023,0,0,0,403799,27977,112960,757671,176099,7271,0,45702,867358,214341,0,0,0,20048,0,41375,0,109488,38767,86973,0,502468,104915,91328,0,61882,1050701,89441,302499,0,62408,33345,22147,41418,0,0,0,0,0,0,222493,0,0,1553859,2461836,0,0,32984,0,0,44656834,125857,19227,0,0,158109,0,48258,14761719,0,261457,952292,848282,0,0,306134,282693,321135,0,866817,53756,1523374,0,0,108914,421260,349874,36799,244899,0,368988,107298,298857,0,164158,299276,99456,89137,332114,10953274,10058559,0,0,721317,0,162014,200168,737926,204520,81667,157031,827318,687041,0,0,30016,38829,88127,0,2006067,434025,26749,66308,17897,30843,25418,281973,103503,0,130232,0,301900,0,36288,0,0,113133,47347,1799929,20670,0,141718,173455,113471,162312,0,0,0,0,0,0,0
2b_50a ,50,48515,0,6894779,0,936321,0,0,34158,631696,91660,3764692,38972,0,42337,0,0,0,523381,0,0,9790968,1445515,0,0,0,248975,235728,0,0,0,0,0,16211,0,98165,18385,35788,0,146135,0,181385,0,30557,236846,0,85706,510156,0,112155,25986,31095,0,0,0,39526,0,0,62052,0,0,1653072,557106,0,0,38769,0,0,11892901,66609,0,0,0,90741,73264,0,11314847,0,233539,708554,431526,0,0,232991,206073,150775,0,0,0,273091,0,0,0,368452,148802,0,0,0,44333,50280,143284,66732,0,0,21613,0,147259,1974627,2748863,0,0,38360,0,102024,0,33210,45957,0,103890,113477,146003,35153,8571,0,0,0,0,402748,454389,11304,898074,0,0,0,34993,0,0,0,0,0,0,15131,0,0,21194,0,396156,17033,0,178380,0,58951,41062,0,0,0,0,43971,31811,0
2b_50d ,50,48243,37135,4237060,115245,434672,4902,6188,44507,241183,144933,8404766,34128,21348,51520,8962,3015,46631,823749,3471026,82648,11799437,1821185,6854,4325,21398,334316,270889,5971,14097,0,0,0,31561,54482,123349,28890,54482,3107,157341,36223,229110,5397,29109,393467,29109,112556,1049089,38633,1072961,40380,35872,18195,43912,0,46749,7790,8340,190287,0,0,1214798,679233,257424,13522,53136,15378,8763,19773007,61663,4363,8545,6315,78217,102213,30083,15569306,782900,257624,770027,329437,5484,7930,272974,236657,231329,31566,34017,28227,499465,23812,47056,0,104576,207315,0,19821,0,73195,66377,175390,78649,0,69516,35643,0,201116,3203997,4143353,90223,1422268,61726,249214,122229,0,60892,74653,16701,130197,135812,268418,52356,16820,110111,0,0,0,687976,817722,15913,1854470,13165,16917,3382,58685,0,183294,15530,30351,83458,0,28796,0,30868,37172,0,913206,31082,12123,316462,0,92490,98452,2155,3334,732,9537,29735,38802,8767
2b_50e ,50,68429,0,3659658,0,484946,0,0,29389,137985,117335,10794224,0,0,17789,0,0,0,652126,0,0,15555538,2298682,0,0,28565,193962,241127,0,0,0,0,0,18704,0,85982,22085,37178,12171,167211,0,210986,12499,16498,305954,24963,94597,0,21919,20341,0,0,0,0,0,123902,142105,0,0,0,0,795109,522667,0,0,43451,0,0,15946071,48251,0,2807,0,0,0,0,14697992,0,205250,643234,206489,0,0,186345,187601,188682,0,43924,0,390728,0,0,0,64631,108742,0,0,0,52729,64480,65177,70356,0,0,0,0,147017,2381633,2920833,0,0,28914,315414,108275,0,50643,65622,0,126587,99296,229755,47957,12851,28647,0,0,0,215858,366357,0,1411961,0,0,0,51072,0,138379,0,0,68359,0,0,0,0,26294,0,748133,17773,0,169541,0,60963,69204,0,0,0,0,0,8236,0
3b_50a,50,70629,8607,4440392,22181,865020,52587,10284,120665,400945,143464,13913553,131781,0,104255,23409,0,0,1252088,0,76845,2808568,223882,0,0,97085,975465,428703,12871,19022,0,0,0,30840,0,176879,30253,91828,25672,1156722,112179,277281,20018,79827,1095933,123051,330668,1350955,0,0,75429,71003,33762,109893,0,0,30587,20105,507026,0,0,711815,2883623,0,0,93768,92659,0,32515930,127496,14867,0,0,208196,185674,0,1879112,23096,153457,396120,854157,0,36500,112787,143613,287706,0,0,62920,1077761,65434,94477,0,102763,214804,24864,0,0,245878,119927,178450,69802,58663,257760,39123,55078,258761,9522831,8377639,0,0,74230,298873,75621,0,115067,153431,88999,103687,0,703741,67479,22031,60146,0,0,0,910934,539484,16163,927562,60353,74475,0,203045,0,100373,69104,0,306020,0,28889,0,32696,30104,0,3264477,0,0,78256,0,91499,224022,47348,55311,0,0,0,17254,0
3b_50c,50,60868,7150,4514200,18472,873262,43659,13700,155787,629547,179607,8473855,110485,0,110365,26888,0,0,1210326,27578,73839,2337976,235869,0,0,61075,1309310,460562,11258,17991,0,0,0,28366,0,184037,30702,92931,26862,1051286,114929,226476,17418,86484,1068805,123906,355624,2686431,0,0,54141,64851,32334,92424,0,0,0,16050,651721,0,0,1009929,2703812,0,0,65378,89292,0,34488783,148531,14220,0,7003,175843,195124,56035,19796227,0,261234,571241,682219,0,34208,189388,219404,283722,0,0,73290,1096293,70224,80781,0,0,316268,35233,0,0,241470,90663,207005,99557,142426,157936,83380,57660,244234,10563309,10084907,120077,0,81190,350639,118341,216812,143721,171808,0,136226,232909,518050,58905,18007,103063,0,0,0,1872033,472496,20362,978477,65654,87360,0,198953,0,100930,73726,0,206328,0,29946,132378,0,36414,0,1650651,30190,0,85816,0,81810,171612,0,0,0,0,0,0,0
3b_50d,50,70416,9052,9175781,11586,1659326,74428,14239,195830,569392,142820,9610618,102945,0,62609,20569,0,0,1303315,26249,53856,2330224,186033,16085,0,61239,1144646,315890,10560,20357,0,0,0,27909,0,168329,31370,86784,19665,1028366,103706,238111,17711,85966,1121892,124156,401285,3863655,0,117852,55267,60156,30039,76642,0,0,0,0,487117,0,0,747000,2782928,0,0,97290,92968,0,34322487,141032,14961,0,0,212540,0,67685,19608317,0,182671,386975,706479,0,42366,143883,156123,295385,0,0,68689,1069471,75440,84470,0,0,187104,19896,0,0,234967,89881,208062,77935,84654,0,47442,60807,214329,11017604,9776996,0,0,75397,0,93068,180056,144715,163862,86007,105099,230623,494443,60236,20179,65602,0,0,0,1073360,365897,16855,1102047,0,86806,12682,185244,0,115610,76191,65224,205176,0,29310,0,37345,28355,0,1500058,0,0,103010,0,83012,124708,0,52071,0,0,0,0,0
3b_50e,50,82970,9209,5576144,33348,1031456,45967,17281,60716,450566,99649,3634327,138456,0,254311,32586,0,0,1404394,31552,74438,2522752,305750,0,0,83944,1872909,509866,14570,18684,0,0,0,34348,0,232746,36413,131581,39898,1314624,0,253859,17989,94492,1139672,138427,375793,1376696,0,1022368,76364,87400,39923,118357,0,0,0,16953,973165,0,0,1324896,3250835,0,0,129717,101398,0,33589617,162371,14480,0,0,247055,240390,0,23692366,0,335010,741332,789848,0,35675,250173,272702,330000,0,0,80904,1021232,0,98279,0,162010,524083,58009,0,0,297302,134578,295803,122566,246977,0,130891,65110,303637,11900551,10433068,0,0,81475,697724,146999,243228,125690,182277,93325,179722,238872,460347,0,0,37984,0,0,0,2667937,475276,26328,1144839,79964,98392,14073,230850,0,0,96198,82717,219320,0,32831,263171,32728,51067,0,1366586,37074,0,120781,0,93190,128659,0,64824,0,0,212133,0,0
4b_50a,50,47310,0,2383246,23680,2282666,68071,14940,502192,1021983,193127,9791848,324959,0,0,30821,0,0,498567,27353,74648,1693816,155779,0,0,37979,360079,565285,41861,0,0,0,0,152684,0,214561,59964,0,0,912274,86415,0,16644,54395,1124503,60444,283805,1040326,0,234424,0,62230,0,0,0,0,0,0,0,0,0,1618103,2684963,0,111417,55963,0,168640,31668602,117633,31265,16312,28013,122816,0,0,18844404,0,176448,529383,668074,0,0,104874,189825,241768,0,0,0,903672,0,198288,0,365866,129797,0,0,0,266694,89501,188864,108027,0,185032,0,0,267419,7886422,5966937,0,0,41032,3351104,119545,0,96596,0,0,217163,114648,352745,0,0,20843,0,0,0,162401,142385,0,779286,54413,0,0,186363,0,74385,0,0,150594,0,36896,0,42869,0,0,834541,27347,0,159302,0,65970,70733,0,0,0,0,54398,0,0
4b_50b,50,56809,0,3044245,33762,1107798,45643,20259,375033,737562,194191,11640754,321059,0,376404,36342,22781,0,555235,34651,87882,1547101,146286,14176,0,53054,492507,709278,62076,25822,0,0,0,317459,28452,246939,75611,102201,39133,887404,93719,323528,16828,69685,1176887,85073,278368,481753,0,168348,0,72269,34198,0,0,33846,0,0,0,0,0,2162237,2908568,0,0,88418,0,91641,33814123,116729,18375,17661,0,0,187132,0,21663327,0,254841,662435,633687,0,0,157403,230222,238065,0,0,58057,883526,0,235283,0,271263,234175,0,29364,0,284320,99121,172500,119941,0,195518,0,0,339682,8060118,7068587,0,0,41969,968190,132014,0,98879,91392,0,103078,153238,355449,71533,0,0,0,0,0,210229,144157,16061,1142000,0,74884,0,229324,0,91182,53087,0,175216,0,35296,48260,0,21962,0,854124,0,0,146218,0,57407,61047,0,0,0,4521,0,0,0
4b_50c,50,70641,5081,3138862,0,2085055,54943,32278,337420,1017818,155006,11033911,327846,0,241182,0,20956,0,645540,28288,82776,1597931,134119,14032,23927,42684,453324,585252,47918,0,0,0,0,220877,0,240686,75421,0,0,814293,102140,341388,17980,60816,1142918,0,295908,1182027,0,0,0,67455,0,0,0,29634,0,0,0,0,0,1932840,2545164,0,139620,0,0,200034,32806372,139352,24614,15351,30591,0,164240,0,16220768,0,201821,567926,665301,0,0,123419,201741,244979,0,0,70949,811398,0,241322,0,351023,169118,0,0,0,262781,90951,0,107697,0,169916,0,0,203003,7726397,6551463,0,0,41302,1337109,120236,0,96022,117327,0,112102,147634,329060,0,0,0,0,0,0,148248,245791,20263,1149792,44664,75522,0,186003,0,94984,51772,0,148480,0,0,0,0,0,0,772362,0,0,154783,0,55572,0,38459,0,0,0,314326,56372,0
4b_50d,50,64515,5955,2757332,0,989120,28067,23899,144289,753691,139506,10847734,304813,0,219783,0,10683,0,950002,35210,51086,1514647,155786,16051,0,50014,547293,628509,22138,0,0,0,0,180478,0,241766,0,101442,29416,922684,83811,368010,0,67320,1335001,108741,336651,1171336,0,583509,45274,0,0,84010,0,0,0,0,0,0,0,1652017,2899762,0,0,69281,64463,0,38479953,124988,0,11739,0,0,187168,0,16684312,0,162485,393906,729194,0,0,126234,153643,266890,0,0,76557,1012816,0,202499,0,384866,141563,0,0,0,245954,0,195650,95414,0,166054,0,0,240210,8291965,7844693,0,0,59672,482564,99702,0,98512,0,65216,88149,140965,358937,49036,22581,0,0,0,0,177674,242193,19931,1102887,0,83930,0,181841,0,78290,55289,0,163890,0,38885,0,51725,24059,0,954189,29882,46501,244444,0,83991,89714,35895,45597,41910,11836,136831,35663,11743
4b_50e,50,68242,6522,2759815,24722,1976464,67276,15725,327256,726011,130057,14801069,285824,0,154216,0,0,0,598470,35129,92688,1451157,124321,15708,45703,40996,424481,470022,57488,19753,0,0,0,188453,107312,235364,73718,107312,8036,894478,63057,312642,24102,62577,1435055,65637,367221,946191,0,158507,72210,64636,34427,52256,0,316381,7848,39721,0,0,0,1541335,2876567,947870,1946577,55217,59336,259455,39244338,124942,44057,11795,41652,113591,117877,66156,14522898,39848,179851,459884,628075,0,0,97875,189163,271625,42736,32204,67362,1075772,74720,205480,0,230890,147225,0,16719,0,258441,79718,134069,102205,0,195994,15125,0,235785,8294925,6997087,0,2422660,53461,3103089,113646,0,109057,110979,54662,194183,150937,377691,57596,17883,2933,0,0,294806,155425,323685,18199,1076726,56218,59603,12564,190387,0,56854,57403,68489,173024,0,45320,18381,71442,22221,0,910951,32517,33800,166356,0,88017,65926,32438,36039,37196,9276,2591,6130,4770
1b_30e,30,77629,0,9520184,0,480729,0,17573,17341,172919,56334,2504954,0,0,51151,0,0,0,347727,30237,93715,573846,115769,0,0,0,451573,148633,0,0,0,0,0,18271,0,105718,20296,76399,0,381836,97923,88193,0,37539,1337951,52441,124653,0,0,11832,22483,33656,0,0,0,0,0,19147,121000,0,0,1397849,2392112,0,0,22983,0,0,44630103,46539,14034,0,0,0,0,0,24135538,30326,220690,711209,479567,0,0,189501,235452,146604,0,46430,0,967396,45710,0,89120,142380,276496,30018,277369,0,518558,57433,225902,0,122472,156507,68784,0,700778,5235109,5368103,0,0,379762,0,126669,0,323445,61894,0,90415,390465,434819,0,0,22969,30159,65562,0,1345392,378833,0,49199,0,0,0,386565,71922,0,40777,0,123758,0,0,0,0,0,23193,942752,0,0,72854,134933,74610,68539,0,0,0,0,0,0,0
2b_30a ,30,38557,0,4198909,0,613525,0,5852,9326,203464,94896,1666884,33169,0,40247,13796,0,0,516282,0,0,4873743,1545911,0,0,29018,265122,443434,0,0,0,0,0,28133,0,128414,26313,0,18139,121549,0,0,0,18763,448934,26043,89491,0,0,43416,35202,33616,0,0,0,64119,69329,0,0,0,0,2208693,683203,38521,0,66042,0,0,22278286,56553,0,8368,0,0,111938,0,13942872,0,385218,1338932,486246,0,0,338103,363687,0,0,80146,45746,462512,0,0,0,197912,199697,0,0,0,77026,179911,305568,137211,0,0,45498,0,122487,2783377,4199230,0,0,43203,645821,202192,0,58126,0,0,0,151273,269539,48120,14030,36172,0,0,0,748764,586787,18093,1395868,0,0,0,84986,0,125476,0,23840,0,0,28306,0,0,44244,0,850072,26329,0,133424,0,79971,67213,0,0,0,0,0,8128,0
2b_30d ,30,33260,0,7275141,0,913159,5077,4366,11757,298498,109563,2946914,30819,0,36699,0,0,0,526242,0,0,3882969,1145071,0,0,0,226518,302509,0,0,0,0,0,24391,0,106573,0,0,13070,86268,24899,103178,0,13885,402176,0,72904,327379,0,77437,25296,0,0,0,0,39979,45315,0,0,0,0,1903305,561305,0,0,54720,0,0,20663402,64534,0,0,0,58129,96564,0,10820816,0,305033,1000845,279405,0,0,289014,281055,139662,0,0,0,444565,0,0,0,220052,147932,0,0,0,0,157808,360219,105250,0,0,35573,0,115542,2561550,3925166,0,0,33851,499557,153890,0,52305,0,0,158387,137257,253944,38387,0,0,0,0,0,637731,457883,15914,1334510,0,0,0,73404,0,97450,0,0,0,0,0,0,0,29410,0,740537,0,0,0,0,64830,61022,0,0,0,0,0,0,0
2b_30e ,30,42994,0,4578953,0,553310,0,5500,7819,322988,153948,2911997,0,0,66121,12083,0,0,537336,0,0,4882192,1634437,0,0,0,266336,499177,0,0,0,0,0,25491,0,134931,26263,56521,10488,135344,0,120918,0,17198,520792,24641,88665,233542,0,174033,47755,33513,18254,0,0,60032,68811,0,56241,0,0,2399639,773624,0,0,87400,0,0,24694553,73163,0,0,0,80377,123295,0,15611809,0,390959,1347400,728456,0,0,403595,372093,172244,0,95724,0,489377,0,0,0,228183,272117,0,0,0,0,192683,409376,154768,0,0,81921,0,139101,2923093,4287814,0,0,46506,833910,220988,0,68522,0,0,255923,167557,272927,45307,14799,43061,0,0,0,1189219,576157,22233,1582600,0,0,0,95187,0,182507,18708,0,0,0,0,0,0,33606,0,833855,24578,0,119005,0,81770,63294,0,0,0,0,0,0,0
3b_30c,30,59137,10016,6780869,16967,1150017,66299,8093,71886,537282,261101,5556068,75972,0,100946,25917,0,0,1065714,20895,59298,1652394,146012,0,0,94187,538099,426705,10383,17639,0,0,0,19305,0,151656,22316,72118,24587,713521,90866,167734,0,45920,896467,78285,236714,3093665,0,121811,64820,49158,0,52227,0,0,0,0,0,0,0,1065513,2190339,0,0,91540,0,0,26610042,81340,15631,0,0,91054,0,0,9680278,0,169910,424504,440261,0,24525,131677,158743,165024,0,55885,46995,652582,50666,0,0,150517,233931,27373,0,0,194178,64395,137199,92665,53888,0,49604,0,215107,6164702,5334532,0,0,55699,512822,106804,110658,90998,0,0,130988,160542,355660,62518,0,0,0,0,0,510105,309003,11938,687279,42751,57287,0,153063,0,58809,35828,0,117317,0,19048,0,0,24938,0,959594,0,0,94840,0,64026,43543,0,0,0,0,0,0,0
3b_30d,30,74807,7519,4594177,29376,1111001,71639,10995,98759,619129,260591,5391308,98390,0,173043,28234,0,0,1097647,26447,60376,1573771,171531,13501,0,103117,616687,507009,13042,0,0,0,0,21193,0,165013,0,85165,28299,903630,106783,179412,0,62469,961243,90878,262761,2190148,0,152190,69488,63024,31096,0,0,0,0,0,103587,0,0,1064854,2527260,0,0,125786,0,0,28299352,114623,11774,0,0,0,168040,0,8286101,0,203263,480304,518072,0,30653,149238,190088,188961,0,56521,0,752361,0,0,0,196563,329065,36341,29850,0,226416,77149,145148,107485,90824,124823,82236,0,283437,7492625,6540443,0,0,65232,571211,127293,82456,92536,109577,0,138834,230059,371283,64014,18819,0,0,0,0,646906,244980,13399,625489,0,58940,9297,190517,0,94292,48631,0,123756,0,0,0,0,27816,0,979697,22103,0,113139,0,68007,55472,0,0,0,0,0,0,0
3b_30e,30,68929,7711,3343974,29156,635239,49098,0,92813,391447,147351,5808905,104430,0,151195,28913,0,0,1289206,0,78064,2168444,180568,0,0,120760,650507,516091,0,0,0,0,0,23792,0,178880,0,99624,25658,890857,102656,215877,17620,50573,1000360,88963,275072,0,0,747408,83324,65721,32795,87671,0,0,0,0,98717,0,0,1097767,2550250,0,0,138225,0,0,29527635,94119,20133,0,9807,0,0,49305,7410286,0,179583,401055,523687,0,37926,143232,168303,218389,0,63725,57365,769012,0,98505,0,201012,228046,26696,0,0,244789,89417,134091,91033,63542,130422,57336,0,237442,8005449,6355008,0,0,79684,547857,109808,0,115619,119601,0,147537,194685,420500,71777,0,0,0,0,0,591635,200140,10963,791271,0,0,0,200037,0,111549,56453,0,159968,0,22115,0,0,28341,0,1232189,20916,0,121066,0,72503,105917,0,0,0,0,0,0,0
4b_30a,30,55479,6095,3340086,45265,1039970,33230,26877,82034,1058936,148470,9817459,252619,0,590795,0,0,0,944417,0,69752,1251424,214821,15655,0,74699,637250,1012372,0,0,0,0,0,245002,0,332677,68577,0,0,849317,88442,305087,0,58873,1004897,42218,282368,0,0,401956,62513,73638,0,0,0,29082,28970,0,0,0,0,3883740,2949407,0,0,96938,0,34878,31601318,89981,0,27297,0,0,0,0,14455425,0,347471,797280,568246,0,0,230810,274514,258265,0,0,0,778038,63078,155501,0,468201,297125,0,0,0,239230,83593,0,117498,0,169690,50923,0,230770,8052283,8013472,0,0,67740,1396869,140846,0,98685,0,0,0,95997,379011,0,0,0,0,0,0,424310,327147,0,1371995,0,84495,0,203536,0,0,50839,0,175491,0,35469,0,62785,21607,0,1085168,0,0,152696,0,0,81130,0,44471,73341,0,0,0,0
4b_30b,30,69070,5850,3650819,41413,1062277,32750,25207,50327,610328,214174,11219940,285756,0,564417,41824,13596,0,986769,37471,71711,1315303,294375,15267,0,84327,628589,1115081,0,0,0,0,0,217304,18363,306636,72480,112656,55482,940861,65498,334055,0,68995,1150918,68995,333476,1826620,0,752132,64442,89001,40968,82106,0,20749,0,0,0,0,0,3781523,3103845,0,0,85211,0,0,33516730,80486,7205,25710,0,0,0,66987,13618795,0,373964,912914,674012,0,0,305858,283195,300665,0,0,61846,899998,0,169771,0,521403,268022,0,0,0,301477,0,209987,113435,0,193011,42232,0,237759,9596164,9541587,0,0,78975,702884,133440,0,110619,116513,0,91343,107384,425969,0,22126,0,0,0,0,503149,291054,0,1544102,0,105497,0,242755,0,123429,48674,0,210428,0,39316,33372,70104,0,0,1261496,44793,56327,339949,0,68329,80885,0,71110,0,0,0,0,0
4b_30c,30,60048,53160,5272253,328129,1828228,61904,44676,62906,665970,299220,9064630,213718,0,761605,32766,15388,13823,719978,293134,105795,1151988,163833,13771,10685,68031,577827,1137954,27829,16382,0,0,0,220984,89668,436612,70547,89668,7569,562507,86877,254645,18699,46630,1031018,51358,271175,904684,0,219463,55513,62222,30775,65877,0,33566,8122,10301,0,0,0,5041239,2544093,781737,1764281,75481,54760,64480,31672605,73693,13954,36491,11328,57549,172193,61127,10002082,28084,473962,1033516,486428,0,0,267389,331877,216715,39004,46094,52276,751702,68024,98508,0,379785,434081,0,15241,0,216624,53108,211453,123557,0,145236,53577,0,244857,6825709,7091190,0,2419341,43321,1548091,134937,0,97847,91033,49273,136749,108391,342211,75190,19788,3100,0,0,128932,459308,362664,19721,1381401,37297,72072,5138,172398,0,64083,30461,35799,129703,0,33381,25860,63878,22619,0,841854,35713,27652,111450,0,72963,78153,28245,37655,32777,5080,24069,18306,6354
1b_20c,20,115609,6044,9940324,0,697841,29860,16284,49060,78404,87724,4048152,0,0,210697,19039,0,0,885325,51729,199483,1044352,151345,0,0,34858,867208,430727,0,0,17543,0,34839,41227,0,179664,40057,155852,23229,772610,121461,288568,32708,38412,2386753,74068,169391,0,0,0,47472,65094,0,68572,0,0,0,0,190557,0,0,709749,3688134,0,0,55116,0,0,53243439,70199,16165,0,7297,0,0,38606,17467744,0,195014,608136,653509,0,0,137069,205521,222162,0,0,0,1114807,76158,0,67781,25357,307909,33925,490999,0,543432,0,192398,0,170503,268284,88275,0,670251,7610574,5964449,0,0,822633,0,104403,0,404238,79193,56535,61853,298408,605163,39288,0,0,0,64935,0,1138395,104683,0,51544,7284,16900,0,414331,0,0,73888,0,206671,0,0,0,0,26288,21222,1354755,0,0,98526,102578,48559,63674,0,0,0,0,0,0,0
1b_20d ,20,73533,0,8737805,0,763428,16302,12151,30067,58980,69466,8098415,19275,0,113948,0,0,0,247771,18479,75985,371390,47337,0,0,13150,347626,181651,0,0,0,0,0,9324,0,103889,14218,58683,0,269316,0,89529,22925,21543,1056354,37392,81448,0,0,0,19793,28484,0,0,0,0,0,0,70685,0,0,895610,1702129,0,0,31643,0,0,35151348,80033,14970,0,0,0,61604,21533,9993110,31845,209516,738164,291655,0,0,162490,209176,118528,0,0,0,666392,39944,0,87391,30363,268454,29302,163442,0,412992,61647,222345,0,109322,108887,66718,0,532417,3451210,3242855,0,0,271314,0,105341,103188,241290,45153,0,58390,285853,306959,26742,0,0,20546,57668,0,904003,175963,0,28257,0,0,0,245875,39322,0,19360,0,46604,0,0,0,0,16593,0,621785,0,0,59266,48679,36140,26719,0,0,0,0,0,0,0
1b_20e ,20,85127,0,11466017,0,793611,16984,13646,29152,67814,52192,6077656,20483,0,75269,0,0,0,308388,20914,69119,386837,53976,0,0,8671,341214,145206,0,0,0,0,0,15970,0,94325,15460,50385,0,265552,81684,91871,19673,23965,1074064,23170,111625,95962,0,0,0,23600,0,0,0,0,0,0,97058,0,0,850311,1766946,0,0,19589,0,0,36961314,56388,12846,0,0,0,0,27606,8531782,0,206816,694945,397270,0,0,183211,202130,153710,0,40317,0,939401,0,0,105413,38578,295937,31059,171488,0,441961,53800,222477,0,141349,149143,86160,0,505064,5106169,4215870,0,0,403297,0,101549,120785,333337,62381,0,0,273717,430565,0,9685,0,0,55820,0,1103089,107112,0,38420,0,0,0,287008,43338,0,0,0,80451,0,0,0,0,21919,0,865127,0,0,65298,67253,36726,17437,0,0,0,0,0,0,0
2b_20a,20,56668,3474,8750546,0,519746,13849,10781,36372,208194,171408,7697472,0,33510,98547,25074,0,0,1211628,28100,0,7409992,1517354,0,0,87820,634505,635656,0,0,0,0,0,67176,0,140480,56353,0,28221,260907,33649,344297,0,26994,1226122,0,134542,726685,0,28900,0,59690,26742,63917,0,149965,184784,0,0,0,0,808266,1513590,0,48134,151851,24563,0,37189287,102470,0,6798,0,187650,137200,0,20369798,0,194194,602337,443555,0,0,140861,180299,218213,0,40354,0,741266,0,93882,0,79174,117207,0,26190,0,126783,112776,0,73511,0,0,30642,0,0,4722211,6422802,0,0,46480,0,104032,0,74879,0,0,95089,280472,442137,56420,20342,0,0,0,0,366351,163288,0,2035388,0,0,0,157857,0,183198,31263,0,128081,0,30647,0,0,0,0,1389965,30887,0,107832,0,67854,142696,0,0,0,0,218396,16517,0
2b_20d,20,74198,0,9269061,17596,1108063,25693,0,76887,269560,159413,12712122,0,33563,113555,24627,0,0,964063,0,0,10862880,3335290,0,0,100645,764180,581482,8804,0,0,0,0,63808,0,150680,54003,0,28084,248791,42345,278406,0,22625,1101120,22625,139343,830430,50109,0,70178,46798,26177,0,0,141704,178057,0,0,0,0,975680,1200450,0,0,115251,27300,0,33512558,121026,0,0,0,276678,0,0,20290468,0,190576,591785,497029,0,0,136395,184107,201862,0,39135,0,664896,0,0,0,91215,163716,0,0,0,111843,72151,189571,89058,0,76809,40698,0,187863,4116648,5236429,0,0,63387,234295,108766,0,69928,0,0,89029,258202,442225,58160,0,32371,0,0,0,476807,266260,13805,2020648,0,0,0,125028,0,163522,22992,0,107585,0,0,0,0,21547,0,1351616,0,0,97275,0,55453,127460,0,0,0,0,0,0,0
2b_20e,20,0,0,4198185,0,1019876,14676,0,0,21581,19743,0,0,0,0,0,34292,0,0,0,32426,0,1625746,12052,0,0,27825,562610,18833,14653,0,0,0,0,0,144753,0,141723,0,1329840,0,0,0,0,32468,4558,4479,0,0,0,0,7725,0,0,0,0,0,0,0,0,0,866688,41119,0,0,0,0,0,128708,0,0,0,0,0,0,0,1693,936,184743,349250,7719,7207,1356,113380,131294,13570,0,45335,26478,19749,348,2673255,0,150,196085,0,9045,0,322,95309,109257,51248,0,1720,5195,0,10206,5109,6808,153,188,1237,7953,64837,0,4511,3231,391,34836,8457,47618,80918,18396,61051,0,0,0,36165,32128,1473,622663,550,7973,3168,691,0,10857,177,209,5912,0,5401,0,1059,5460,0,93803,1312,2044,35433,0,11064,66607,26341,1292,1461,18087,3493,37401,13010
3b_20c,20,66980,7873,2916708,35773,1197204,81633,22710,100065,1586413,123504,9840038,102972,0,307138,28706,0,0,676684,27860,71728,1083873,305992,14464,0,91054,472595,452024,0,0,0,119582,0,23466,0,239531,0,81349,32417,722500,0,225347,15145,57236,1019917,84852,289401,1457993,0,583691,62856,69438,0,72238,0,0,0,0,111426,0,0,1875924,2235939,0,0,105056,0,0,31830019,146251,0,0,0,0,0,0,18331378,0,259811,564262,472718,0,0,348137,252146,184552,0,60512,0,842482,65727,0,0,1423230,225552,25841,0,0,231392,90365,157117,114439,65482,0,0,0,269544,7102723,7294349,0,0,56042,388076,130404,139315,104460,91795,0,166917,172174,468445,0,0,27380,0,0,0,737427,328825,15460,870873,38360,0,0,194254,0,70586,40980,0,151311,0,0,0,0,38473,0,1414798,25841,0,85152,0,97532,105038,0,0,0,0,0,0,0
3b_20d,20,73090,8284,3101710,33774,875090,62730,23255,99142,1493481,111205,14440340,104803,0,286607,27835,0,0,916270,33253,72059,1234323,260091,16706,0,96772,481990,424673,0,0,0,113497,0,23269,0,243225,0,82359,33256,886424,68841,271257,16250,71098,1226079,71098,355265,1489118,0,604872,70633,74412,33541,79187,0,0,0,11081,119974,0,0,2166798,2591990,0,0,139760,0,0,36850310,148327,0,0,0,107954,137580,58495,21159172,0,264873,639964,567514,13633,17623,269845,267631,245686,0,53420,68017,959734,68270,115095,0,1241318,206796,25122,40109,0,286068,104570,172163,121830,54824,0,52784,0,326438,9305463,9214099,0,0,70311,369259,140225,0,121446,0,0,147807,175558,460794,0,21538,26517,0,0,0,739502,391537,21685,976102,49579,0,0,231939,0,91009,58268,0,169771,0,0,129051,27358,34326,0,1336555,29578,0,147495,0,118522,117731,0,0,0,0,81453,0,0
3b_20e,20,74304,8076,3302106,36534,630601,55457,13228,83239,878288,74222,15046087,113796,0,289808,28960,0,0,1130867,30231,112123,1635275,257147,15182,0,121265,476408,521685,14719,0,0,85237,0,24179,0,222519,0,100275,30265,919520,0,246831,0,53030,1258887,99048,304324,0,0,732456,89442,74484,35045,77065,0,0,0,11885,88959,0,0,1877429,2901795,0,0,152747,0,0,36446236,143337,19388,8101,0,0,140272,0,21786968,0,248296,731530,525473,0,0,264899,238710,203196,0,70335,71626,883481,70288,78266,0,1230681,247885,26665,0,0,326900,109153,178644,122847,67392,146076,70516,0,367397,8034234,7215256,0,0,56328,318490,141348,138865,116693,0,0,184576,225326,479187,50602,20511,33744,0,0,0,758703,354337,19879,863665,0,0,0,249345,0,108815,53750,0,154099,0,23529,150847,28639,40078,0,1294341,23493,0,112292,0,114773,85689,0,0,0,0,48045,0,0
4b_20a,20,0,0,4714356,16081,1194889,68344,11929,177920,411977,284228,21691721,179389,0,100390,29712,16601,0,530763,0,64409,921232,89288,11023,17251,71840,285172,754100,40228,0,0,0,0,170411,0,143835,41084,83537,0,493529,0,232398,0,31216,619208,52316,183438,811424,0,81690,65071,60746,30755,39642,0,25132,24860,0,0,0,0,911110,2108797,0,81894,105406,0,105077,19978617,41222,17873,0,16614,0,128698,0,8871792,0,136990,502275,822616,0,0,64547,161416,183681,0,0,0,461403,58221,0,0,93756,90343,0,0,0,176401,0,159568,86521,0,142487,0,0,184865,5713273,5619146,0,0,41539,1060767,110279,0,79392,63092,0,0,66879,281349,0,20025,0,0,0,0,94536,78749,16745,1475130,0,0,0,141227,0,67829,0,0,116134,0,28852,0,63313,14951,0,856651,40110,0,112605,0,50012,44746,0,0,0,0,0,0,0
4b_20b,20,58326,5206,2609074,0,541715,34133,10624,98736,189756,164099,14858641,90623,0,0,0,15848,0,654261,0,64285,957306,106020,0,0,91640,277898,937276,0,0,0,0,0,164563,0,141702,0,94786,0,474665,64487,269169,0,31983,693434,30218,170183,0,0,0,67179,0,32872,75996,0,0,45320,0,0,0,0,828054,1995319,0,35409,115931,0,39769,20639220,45078,8135,9505,0,0,0,0,9210485,0,140312,590075,341407,0,0,57928,163622,0,0,26864,0,439859,0,171469,0,78104,132733,0,0,0,168771,0,173416,88252,0,118554,0,0,228366,4851932,5196392,0,0,32453,777240,116285,0,72457,0,0,88050,71954,295568,68149,22824,30693,0,0,0,99619,307117,21812,1413998,0,0,0,147076,0,91217,34316,0,123273,0,0,0,60061,18081,0,828652,36500,0,99763,0,67824,80071,0,0,0,0,168748,0,0
4b_20c,20,58545,8434,4995976,21209,1640499,62962,27890,180518,627514,278070,16240038,202670,0,187494,28652,0,0,613880,0,89096,1166973,116397,0,0,71100,370571,1142568,44157,0,0,0,0,231539,0,0,57751,0,32382,611393,50284,286532,0,48004,859357,64268,240150,937775,0,0,0,0,0,58897,0,58907,67855,0,0,0,0,1571189,2336472,0,0,84437,56810,128855,26763208,50564,19662,11956,19549,0,95074,0,7821264,0,185995,742720,431472,0,0,101663,195521,207368,0,0,0,635101,0,70194,0,133834,143455,0,0,0,0,70284,182066,108755,0,0,22438,0,281350,6428075,6604014,0,0,36478,1363951,134166,0,93572,83207,0,132977,78762,313602,72618,19180,0,0,0,0,152292,113575,24709,1455529,0,0,0,177545,0,81820,34221,0,121806,0,0,0,0,0,0,860730,42930,0,119311,0,59240,24318,0,0,0,0,0,0,0
1b_00a,0,100604,0,4739981,0,839199,42774,30297,23923,343930,127558,1660214,71208,0,712496,18668,0,0,400203,41032,336058,1470390,219893,0,0,95366,356135,440354,0,0,39468,0,0,17176,0,199938,0,146440,31986,352831,100827,280816,52482,40762,1849977,36378,112114,0,0,54624,74518,72639,0,0,0,0,0,0,98236,0,54906,2831629,3287861,0,0,115837,0,0,46429708,45779,0,0,0,0,0,0,18516650,0,494825,1183061,378402,42036,0,204041,443504,129020,0,137889,0,656524,0,0,189678,472460,1069177,113937,333959,0,534212,0,366536,0,346651,143217,256523,0,685448,4064610,5184810,0,0,648551,0,193619,179548,294450,0,0,199161,175506,335244,0,0,52405,0,100212,0,1833509,384419,0,24178,0,0,0,295405,45773,0,43483,0,91669,0,0,0,0,76174,0,839558,0,0,47591,0,46884,59450,0,0,0,0,0,0,0
1b_00b,0,105675,0,7062401,0,800154,28497,26049,34350,221136,87936,481852,44493,0,431472,21950,0,0,491575,49110,241833,1243123,170917,8967,0,64010,503705,421321,0,0,32317,0,36457,21186,0,207144,39594,167757,32976,402172,92450,346531,40563,39530,2581254,69693,153996,0,0,29062,71612,76123,0,0,0,0,0,0,137650,0,0,2302737,3861240,0,0,96586,0,0,40355000,41672,0,16490,0,0,0,0,20620483,61420,376741,989194,544177,20584,0,175535,354361,207709,0,101938,0,1074422,71170,115260,118179,160611,651828,71433,487424,0,582631,68676,338609,0,237960,266392,155093,0,720064,6484473,7388446,0,0,855312,0,211748,201107,447401,0,0,183862,206002,575773,0,23264,45230,28568,113375,0,1999797,454667,0,59858,0,26231,0,449166,54871,0,73862,0,186839,0,0,0,0,51420,0,1563628,0,0,61522,86041,52302,119747,0,0,0,0,0,0,0
1b_00c,0,107939,0,6645715,0,831448,28117,12679,16232,243823,141176,793952,96621,0,586657,18647,0,0,426414,45907,443682,3162936,388477,0,0,52818,622901,663257,0,0,51089,0,0,24471,0,223437,39351,147759,36121,430105,94129,149880,36511,33473,2190327,60803,123037,0,0,0,68124,77384,0,50661,0,0,0,0,234189,0,50717,3947743,3553199,0,0,103779,0,0,50429710,50076,0,0,0,0,201660,0,18333372,0,700393,1669459,505976,39112,0,390153,638949,164954,0,182181,0,838558,69186,0,201347,286524,1050926,111607,324209,0,550775,0,542499,0,404081,241733,288268,0,659554,5712359,5352129,0,0,913126,0,312150,226847,320714,0,0,376824,207518,437649,0,19774,71712,46198,163422,0,3464645,836146,24808,69616,0,0,0,365892,90177,0,49324,0,121852,0,0,0,0,155718,0,1123215,0,0,76384,40129,92803,56342,0,0,0,0,0,0,0
1b_00d,0,87911,0,3473316,0,977687,43466,19410,51050,240559,223582,2043034,43773,0,238754,16190,0,0,531977,39647,221056,1338295,99268,0,0,69894,259071,456523,0,0,17818,0,0,15009,0,154650,28854,104181,25069,392117,81447,229990,37255,32797,2222362,58199,112441,0,0,0,64058,65536,23502,0,0,0,0,0,63552,0,0,1434302,3440656,0,0,91843,0,0,54560213,19095,0,0,0,0,0,28248,17567666,0,278663,757279,409777,16917,0,102868,263441,143887,0,75984,0,809580,61645,0,74108,80927,411632,47263,381323,0,493701,39386,250880,0,146643,195330,106990,0,613466,4849468,5632093,0,0,6027173,0,151901,118030,306356,0,0,144943,94920,422266,36826,16881,33819,18198,82677,0,1128203,331334,0,37393,0,0,0,326370,28709,0,41659,0,106150,0,0,0,0,66907,0,1065176,0,0,47127,19122,52320,39842,0,0,0,0,0,0,0
1b_00e,0,94453,0,4928310,0,794335,33458,31851,30913,306171,244063,1482422,57849,0,478531,20360,0,0,354955,41306,296825,1579229,150842,0,0,101968,423514,623217,0,0,27659,0,0,16241,0,179770,30045,113407,31397,428005,0,305442,35826,34136,1761993,59649,109987,0,0,0,78810,59411,0,0,0,0,0,0,92202,0,32749,2038292,2843213,0,0,112416,0,0,42749893,53198,0,0,0,0,0,22081,18534358,28855,352544,938260,319205,19994,0,153940,317884,130329,0,85783,0,619974,0,0,106375,211526,674380,73467,237843,27339,451047,0,272554,0,205177,126659,148789,0,576102,4055833,5110848,0,0,646668,0,152783,137482,252522,0,0,163821,192461,308942,0,14867,38274,23444,82673,0,1419948,647335,0,37175,0,0,0,267264,37266,0,25818,0,76971,0,0,0,0,61288,0,720116,0,0,38566,0,66574,27396,0,0,0,0,0,0,0
2b_00a,0,88556,0,3592629,43406,1178316,43300,23618,63363,76424,232860,2349026,0,0,503496,24633,0,0,498369,0,88146,9576832,461184,0,0,85961,414739,541077,0,0,0,0,0,55646,0,314232,62070,0,45112,194880,35939,313438,24993,28058,1414192,37942,132709,693913,0,0,86619,52167,30729,0,0,110506,127872,0,74185,0,0,1708315,1650313,0,0,168336,28825,0,45938345,73523,0,20327,0,0,0,0,18923190,0,484913,1091631,567580,0,0,321039,448147,241274,0,136115,0,825548,0,0,0,0,390487,0,0,0,203329,76829,386443,212323,0,0,135138,0,403554,5906058,9493444,0,0,92034,603757,257365,0,109634,70597,0,345019,136048,543619,73848,27155,0,0,0,0,1464815,599314,18899,1374764,0,0,0,250830,0,218488,47594,0,133831,0,0,0,0,51768,0,1710815,35961,0,117015,0,126486,214634,0,0,93631,0,31657,33959,4686
2b_00b,0,73769,3474,5732581,22582,1056090,38883,14730,58558,50948,173244,5973539,0,0,188071,18015,0,0,901232,35198,0,6413872,320972,0,0,105749,294172,349800,0,16947,0,0,0,58461,0,166214,49072,0,0,251068,60591,413034,14875,25503,1502614,16491,126814,910617,0,0,101671,50872,24901,0,0,240562,298355,0,0,0,0,803478,1638058,0,0,199879,26504,0,46523792,107891,0,5101,0,104056,0,0,19219871,0,260122,612631,614197,0,0,146456,222838,257018,0,0,0,790906,0,0,0,26046,139429,0,0,0,186938,0,190249,90847,0,0,39086,0,444394,5652584,8681475,0,0,68928,0,109346,0,90118,0,0,110974,147796,462881,61163,19566,33402,0,0,0,433298,221959,0,1578387,0,44976,0,208556,0,144641,34312,0,75876,0,36192,0,0,19037,0,1279194,0,0,53531,0,50329,118972,0,0,0,0,0,0,0
2b_00d,0,68214,3083,5534675,21614,915449,33587,11638,51195,44381,122266,4588836,27826,44406,170208,16474,6320,199771,654868,1226104,55184,4137456,225373,9294,7868,88938,235149,385389,8981,16138,0,0,0,52667,65082,169490,45768,65082,9363,243833,26542,296332,18112,25068,1561627,25068,127526,461276,77044,911391,111279,53191,20924,28952,0,312212,6347,20563,7758,0,0,698524,1657394,569852,1118396,105881,25069,15217,45590675,72039,5576,6384,4806,73240,85742,40879,18270234,33846,205552,586852,621055,11383,3175,123456,199082,221411,44698,47399,32707,876792,46625,66921,0,23479,173368,0,15121,0,197166,51274,122843,83582,0,131102,33273,0,479519,5875377,8483340,189981,2988411,69478,198312,96668,0,90832,43653,26435,130399,121096,536138,54719,19480,88675,0,0,0,394256,288957,13487,1673108,19011,27193,3820,236881,0,150995,39990,37316,125803,0,31553,0,36385,20932,0,1500980,24908,49046,66229,0,64550,124607,31573,51068,36574,18689,52321,17212,5171
2b_00c,0,73630,26159,3068895,155021,531487,23378,10227,33808,27578,103279,4470504,36447,44214,125850,21983,8162,270085,563212,2037333,65954,6763576,273362,10827,8603,105549,262982,366468,9279,18301,0,0,0,41966,82819,178386,44053,82819,7736,269934,46873,506545,19571,33384,1637210,33384,157484,1397589,35299,793003,118360,42366,20511,46564,0,281139,10341,18906,9853,0,0,711062,1781943,595516,1200394,182534,29048,15289,51351606,77081,5401,6343,4283,91333,99933,51593,19881440,28001,210098,562708,438195,11773,2396,116110,191092,310468,51976,41666,29187,916527,46875,463,0,19809,136197,0,16663,0,204102,67127,123898,83238,0,126625,26473,0,501711,6712554,10956748,240911,3825070,65361,229995,99650,0,117338,49866,33082,136724,127366,545506,61915,20588,86297,0,0,0,348537,321829,12570,1322499,12749,42354,2764,246242,0,197748,46100,37921,120230,0,37722,0,32121,27926,0,1591952,27587,54834,56185,0,70927,99262,22254,52257,52724,23562,2066,19462,6174
3b_00a,0,76974,5188,2833199,29021,805966,44197,16257,87508,220158,204171,1805856,49399,34308,164905,30609,0,0,348949,23349,47528,837635,141802,0,0,159917,360877,320447,10300,17797,0,0,0,12492,0,133331,0,54750,0,245043,57717,316877,9066,20501,1100468,35468,121687,0,0,0,105321,45743,26748,64289,0,0,0,0,866197,0,0,590275,1256484,0,0,236219,0,0,24249259,74345,0,0,0,0,0,0,21739981,0,149264,384423,217304,0,0,100517,131905,164973,0,32999,0,605349,0,0,0,112713,224128,26007,0,0,140222,70302,109051,66603,88413,0,49267,0,227209,2886747,3955463,0,0,42107,0,77243,118614,62439,44983,0,136698,127200,464577,0,0,0,0,0,0,1626482,312136,14644,1277798,0,0,0,145025,0,0,21522,0,98907,0,0,0,0,36966,0,1326466,18982,0,42901,0,67217,65865,0,0,0,0,0,0,0
3b_00b,0,70571,3966,3057876,29969,910664,44166,24662,55483,272853,169213,441305,59396,0,206356,26557,0,0,308496,25155,51221,972206,182714,0,0,144790,505093,402694,11123,0,0,0,0,14944,0,160360,0,66274,0,326723,61739,325874,12509,25318,1097357,45025,152556,0,0,0,99042,48293,0,69726,0,0,0,0,1195353,0,0,935154,1556612,0,0,190161,0,0,29522007,64521,0,0,0,0,0,0,19689766,0,225890,542166,251073,0,0,140342,191563,170035,0,55265,0,737524,0,0,0,120813,386430,44004,0,0,187893,70270,146971,92383,156782,110478,86399,0,257306,3811390,5503667,0,0,90215,515093,103043,153865,87735,64487,0,179314,120018,567648,0,0,0,0,0,0,2158554,382825,18966,2140427,0,0,0,191416,0,0,27032,0,140530,0,0,0,0,36474,0,1680629,21939,0,48933,0,79749,106850,0,0,0,0,0,0,0
3b_00c,0,68472,4206,3468122,22773,1200053,42912,15670,42007,227249,164380,1242278,57477,0,128418,23156,0,0,359180,22098,45011,902845,200181,0,0,129994,408870,401738,9314,0,0,0,0,11363,0,124233,0,61391,0,307388,61015,289202,0,24877,1009033,39243,121470,348431,0,78927,83738,56165,0,66114,0,0,0,0,2227977,0,0,788553,1441825,0,0,152054,0,0,26031660,67602,0,0,0,150734,149513,0,19052140,0,206040,506512,224564,0,0,148407,180045,149775,0,50501,0,615736,0,0,0,107157,264270,29795,0,0,163180,52282,197153,85752,118091,0,66027,28447,282522,3285165,4572819,0,0,54711,530363,106183,142372,61145,53243,0,192439,103867,461083,52452,0,0,0,0,0,2581262,313576,24074,489538,0,0,0,181770,0,36817,18060,0,101102,0,0,0,0,53049,0,1281952,29422,0,48671,0,73898,93689,0,0,0,0,0,0,0
3b_00d,0,50364,4015,2205711,20472,553956,22684,9800,89483,181398,122264,1091782,45854,0,84085,32012,0,0,344961,21033,31919,939423,132432,0,0,190056,322276,324328,8518,0,0,0,0,10710,0,97074,0,54530,24782,215559,44624,433120,0,16580,817275,26336,97104,0,0,112520,107401,46792,0,74603,0,0,0,0,1657115,0,0,421628,1151024,0,0,199481,0,0,19127285,54488,0,0,0,180479,94207,0,21944431,0,100880,286821,261290,0,0,71522,99238,165777,0,27070,0,510829,0,0,0,67397,102832,13017,0,0,114496,64785,68416,50094,37040,0,24118,0,205171,2742587,3608123,0,0,49813,0,57750,79599,51139,36772,0,86819,60859,426528,0,0,0,0,0,0,814086,222315,20103,409683,0,0,0,130147,0,0,19692,0,105683,0,0,0,0,34300,0,1345993,24294,0,44351,0,71079,125638,0,0,0,0,0,0,0
3b_00e,0,62393,0,2534615,35502,1266074,62053,18568,88190,242813,129821,1335742,51087,0,234744,32899,0,0,350247,21142,60635,856743,132978,0,0,170596,360699,409387,11411,16522,0,0,0,12317,0,127574,0,45663,0,258549,59096,307744,12488,17699,1060994,36328,110056,366993,0,62918,96421,45647,0,74163,0,0,0,0,759401,0,0,657446,1242038,0,0,199318,0,0,24920617,60966,0,0,0,122620,0,0,21585557,0,171586,438281,212678,0,0,95907,141741,147853,0,43227,0,626539,0,0,0,0,284792,31385,0,0,155268,63328,112344,70923,103299,0,58572,0,289646,2819875,3795219,0,0,45579,317036,84875,126000,63033,0,0,128807,99487,477286,0,0,25444,0,0,0,1515143,477477,15795,469800,0,0,0,155143,0,34381,21319,0,92494,0,0,0,0,24995,0,1351783,21829,0,60774,0,72130,102518,0,0,0,0,0,0,0
4b_00a,0,57948,4676,3425061,44237,1958003,75615,35495,131832,665761,391624,2986468,224262,0,424955,45894,30068,17560,433530,332191,108624,1265428,153966,12745,19378,161040,366757,1407065,73389,23685,0,0,0,386624,142141,306785,69235,142141,6771,540796,103389,325787,20977,36021,1106026,36021,169686,531711,0,53575,136800,86043,41082,81753,0,63361,9106,20300,0,0,0,2568792,3062068,916845,2089090,292909,38939,203402,34290370,40259,31611,12624,32116,49088,109763,57221,27806133,28539,241126,735687,455373,0,0,141551,221110,212407,45551,40099,713029,628430,70056,474125,0,151615,259597,0,26660,0,329116,60211,173203,117193,0,0,21837,0,583945,6924619,8989709,0,3086093,74487,1751044,139350,0,101840,68699,42838,155190,86064,490500,84613,22146,34519,0,0,163102,182902,496727,25673,3447525,13771,76113,4279,334395,0,141443,48005,46268,203029,0,28417,52536,86877,28011,0,1563818,50928,52636,105930,0,85744,103669,27392,77111,36119,11722,23055,14916,5065
4b_00b,0,57722,5021,2087875,225576,846207,42438,30599,107255,411357,221062,2915813,136686,0,369364,23122,10218,12862,364955,245439,43196,848127,83308,15741,10764,73557,237477,688994,22452,14901,0,0,0,225138,100689,308436,53074,100689,8965,424686,82974,247841,19591,44441,1261167,47003,301473,319252,0,38630,99919,52819,24649,59375,0,27056,7020,13938,0,0,0,2785573,3339415,986091,2237209,250357,37397,59264,43512464,29747,12768,13708,11735,81310,105377,77232,22208460,37844,254644,629461,537447,0,0,158039,222783,286700,66878,38595,735901,949213,75917,211016,0,128891,220157,0,19224,0,325063,78432,169381,122543,0,0,31399,0,351478,9162891,12217630,0,4240913,68457,1232553,131708,0,186976,67382,40945,111270,71525,690922,68770,26124,85730,0,0,113304,206816,352277,22633,4440020,24489,111842,3374,316992,0,164689,72440,70777,334469,0,30918,83360,117629,24145,0,2289716,57194,61623,106738,0,83009,96564,50124,134376,78531,12413,44488,19277,7814
4b_00c,0,52711,19378,2011120,247660,1159749,48131,19543,51941,308374,214887,2670512,160235,0,308956,28911,19894,119703,441446,269937,56180,1015401,108828,8457,19931,102973,243552,727096,52212,17231,0,0,0,153378,116809,205183,47176,116809,5778,323824,35393,251771,11919,27371,682303,43271,129050,427833,0,41254,77623,62467,28929,54827,0,16285,5037,6893,0,0,0,1722266,1568650,505468,1128880,151146,24531,112194,20823343,17580,15727,5306,16924,42936,77797,34994,14736473,15201,188909,458077,283269,0,0,111699,167439,132679,24242,27539,19287,390592,41870,42355,0,79597,180259,0,13168,0,137579,26901,132232,86262,0,86029,21939,0,233754,3218594,4941064,0,1682789,44575,1055313,92855,0,61339,38837,19073,85965,39844,280756,51865,12825,59800,0,0,92321,138025,184407,18215,944502,6619,32754,1116,115854,0,53973,15954,26631,74613,0,0,14034,55085,11013,0,850631,36980,19189,32165,0,32089,54830,4420,23510,28580,4073,12909,15156,5800
4b_00d,0,51294,43144,4660194,22412,1148615,51437,19615,97319,395605,302183,2465661,133576,0,187821,32025,19843,9929,305646,199180,55096,755996,95020,8836,18510,88698,238469,818646,50908,16949,0,0,0,180679,41450,162422,42338,72733,7241,316796,61656,206434,14275,23990,817754,23990,108408,259949,0,61538,77060,65501,27714,53064,0,105141,4636,11707,0,0,0,1188015,1860211,568959,1287817,80654,25501,129558,24777477,29049,19384,10903,18746,41876,69438,40682,13478518,22754,144909,351526,309118,0,0,112224,137586,135930,28493,26947,17409,449245,39871,68331,0,100107,100098,0,16090,0,198819,37332,115701,77458,0,0,12019,0,297919,4363999,5842382,0,1994114,57788,1272468,84410,0,65448,36785,15165,102814,50734,318646,67286,17425,1795,0,0,117561,116493,171966,18985,1193943,7840,37476,1048,180620,0,81480,13651,31437,99855,0,0,13004,69127,13708,0,1044232,39456,22004,48838,0,41499,58064,19270,41701,40909,11616,16777,18288,5301
4b_00e,0,47687,28117,2881444,9945,499436,58493,5476,96032,113141,285961,5849307,92892,0,33467,33861,19323,10193,192160,103854,40403,408331,35638,6075,25557,128512,109392,502977,69378,12192,0,0,0,166211,21507,89236,26217,53993,4968,270498,32390,203732,10427,20777,518954,20777,85626,222888,0,34127,84110,52309,27842,56919,0,34353,6806,9265,0,0,0,334114,1565431,477353,1105635,163568,29140,83532,15430342,24098,13442,4220,13563,62240,48977,26429,11362433,17267,80771,229295,283824,0,0,54685,91716,110089,22788,17814,16910,294028,44173,75530,0,28174,55165,0,9119,0,145756,31270,68557,44306,0,0,1322,0,275347,3704299,4708905,0,1601358,45691,804114,59700,0,51386,35108,13899,65887,30449,253303,67478,16726,2307,0,0,75900,36421,218375,15408,1192923,11918,25661,1239,142377,0,46198,15401,26613,89414,0,0,8113,56957,13282,0,851919,38876,17402,36724,0,43703,75695,9071,35869,33428,24484,3344,11261,7593
