Sample.ID,Class,X405,X435,X450,X470,X505,X525,X570,X590,X630,X645,X660,X700,X850,X870,X890,X910,X940,X970,StdDev.405,StdDev.435,StdDev.450,StdDev.470,StdDev.505,StdDev.525,StdDev.570,StdDev.590,StdDev.630,StdDev.645,StdDev.660,StdDev.700,StdDev.850,StdDev.870,StdDev.890,StdDev.910,StdDev.940,StdDev.970
b1_00a,0,6.766485,9.289492,12.05374,17.06181,19.26851,17.73252,14.63637,22.52383,39.76925,44.20815,46.29532,55.36504,60.2228,58.78794,56.3532,49.9593,48.33362,41.05348,1.146029,1.90087,2.518204,3.35335,3.853485,3.728672,3.314967,4.656965,5.228925,5.163902,5.199727,4.999646,4.513697,4.52725,4.580781,4.320478,4.397122,4.409956
b1_00b,0,7.363796,9.935564,13.27101,19.62795,21.59081,19.81018,16.55213,24.31342,41.97521,46.53661,48.67695,57.81284,62.24242,60.73185,58.16958,51.32985,49.59613,41.74406,1.288171,2.068149,2.788236,3.798568,4.302052,4.197907,3.822758,5.158261,5.502526,5.332474,5.314919,4.907082,4.331166,4.348007,4.398414,4.15064,4.215381,4.221547
b1_00c,0,7.220796,9.829833,13.09323,19.19028,21.11772,19.45133,16.4837,24.08923,40.90545,45.41941,47.67548,57.32872,61.12716,59.55943,56.97278,50.27423,48.54823,40.80384,1.317716,1.986051,2.631168,3.558411,3.898777,3.799877,3.507456,4.520999,4.679763,4.562539,4.572156,4.341242,4.172925,4.192698,4.230736,3.960145,4.027278,4.062184
b1_00d,0,7.251147,9.547757,12.81553,19.19827,20.84211,19.07568,16.04384,23.31287,40.53798,45.083,47.22824,56.57621,61.32858,59.88258,57.37244,50.80685,49.17132,41.73855,1.383364,2.020125,2.778963,3.9854,4.285155,4.131306,3.767695,4.788502,5.09022,4.988085,4.990207,4.733234,4.560822,4.585081,4.625485,4.345985,4.424123,4.463268
b1_00e,0,7.203229,9.692718,12.87091,18.97513,20.73045,19.05449,16.18266,23.54896,40.43351,45.02773,47.29806,57.15496,61.67964,60.19456,57.63337,50.89268,49.21111,41.55904,1.195402,1.854297,2.461263,3.357361,3.678689,3.589139,3.336465,4.421386,4.702194,4.640138,4.698835,4.605503,4.30543,4.318244,4.355853,4.100197,4.182234,4.247215
b1_10a,10,6.562337,8.897626,11.48729,16.18465,17.91839,16.55205,13.93373,21.0424,36.2334,40.58432,42.91992,53.79695,57.27951,55.73475,53.1441,47.04715,45.50539,38.45111,1.051331,1.72739,2.271975,2.97121,3.385468,3.295013,2.988913,4.224001,4.628872,4.558171,4.597131,4.453179,3.886603,3.873209,3.959239,3.75815,3.823428,3.824311
b1_10b,10,6.741979,8.98565,11.81317,17.12307,18.54976,17.11391,14.6208,21.37589,36.21148,40.59334,42.98354,54.2435,57.56525,56.00721,53.37943,47.23905,45.71429,38.67272,1.204191,1.812478,2.411508,3.294651,3.628059,3.519703,3.232211,4.336181,4.659105,4.57251,4.571452,4.327017,3.931803,3.922547,3.998931,3.776258,3.828672,3.800742
b1_10c,10,6.679853,9.000683,11.6716,16.51252,18.17382,16.81497,14.25502,21.45323,36.34629,40.69379,43.10398,54.49833,57.41328,55.81922,53.16216,47.01386,45.49538,38.39863,1.205263,1.795191,2.349771,3.199915,3.510382,3.387544,3.100917,4.288574,4.890334,4.928373,4.98373,4.968236,4.736899,4.707008,4.741097,4.385456,4.427268,4.258955
b1_10d,10,6.968589,9.265993,12.28881,18.04959,19.38365,17.85431,15.26293,21.8653,36.77044,41.08521,43.37115,54.13852,57.81508,56.30288,53.66578,47.46113,45.95496,38.89664,1.182605,1.822487,2.456305,3.372966,3.673943,3.583325,3.349229,4.347807,4.529844,4.453845,4.477399,4.294705,3.975016,3.967424,4.036631,3.86224,3.94069,3.987712
b1_10e,10,6.645452,8.845561,11.59214,16.73313,18.09947,16.69382,14.24506,20.93005,35.51974,39.89856,42.30437,53.76138,57.3604,55.80863,53.16321,47.06395,45.58883,38.60819,1.111182,1.754989,2.361883,3.222009,3.577657,3.492378,3.237324,4.55401,4.752443,4.648518,4.69977,4.612598,3.788987,3.771282,3.868885,3.734226,3.817142,3.872027
b1_20a,20,6.449319,8.812008,11.30984,15.64304,17.36279,16.15194,13.82848,21.26458,35.38223,39.70156,42.3265,54.63402,56.68779,55.03872,52.51878,46.53298,44.95575,37.97693,0.8906705,1.366539,1.782907,2.345275,2.639427,2.571512,2.375324,3.485771,3.741387,3.701817,3.734012,3.714996,3.257987,3.28176,3.368282,3.23295,3.263094,3.271517
b1_20b,20,6.281307,8.620366,11.01771,15.10236,16.74771,15.63811,13.55656,20.92943,34.557,38.90633,41.63074,54.53505,56.07917,54.36561,51.79147,45.82827,44.25886,37.29545,1.004823,1.549137,1.991672,2.592418,2.879,2.806619,2.647303,3.94242,4.304003,4.371161,4.511631,5.088086,4.245765,4.217575,4.237397,3.955693,3.964896,3.821519
b1_20c,20,6.55841,8.766378,11.44577,16.39201,17.74858,16.46947,14.31028,21.18353,34.97343,39.33565,41.99918,54.68086,56.99588,55.32353,52.73701,46.70225,45.17492,38.23302,0.9670166,1.443503,1.92489,2.707196,2.936062,2.849309,2.691277,3.716272,4.057034,4.053022,4.09839,4.164837,3.66609,3.695736,3.785903,3.646928,3.694942,3.733003
b1_20d,20,6.446057,8.562399,11.1973,16.14488,17.49585,16.15671,13.85515,20.65633,34.86716,39.29719,41.90142,54.21848,56.8805,55.23492,52.64534,46.59933,45.05344,38.00846,1.010598,1.450302,1.927825,2.747469,2.965669,2.853206,2.64885,3.685744,4.060198,4.060121,4.096126,4.165311,3.751956,3.770726,3.820596,3.60446,3.636871,3.616881
b1_20e,20,6.449118,8.502394,11.11022,16.04668,17.22165,15.90077,13.71897,20.22504,34.23386,38.67376,41.28452,53.79045,56.88059,55.23803,52.62083,46.53163,44.99864,37.98714,0.9490368,1.420636,1.851604,2.481313,2.691498,2.63097,2.520679,3.483109,3.722716,3.703178,3.732881,3.784906,3.327013,3.34302,3.409578,3.282634,3.322524,3.38071
b1_30a,30,5.883061,8.334546,10.67502,14.37084,16.3589,15.3621,13.19545,22.17965,36.28395,40.75968,43.91428,58.68861,55.92384,53.98022,51.25307,45.34455,43.69093,36.85709,1.03406,1.525025,2.005975,2.746132,3.035073,2.888483,2.567909,3.753524,4.300368,4.316449,4.380958,4.722147,4.021553,4.042847,4.094139,3.805499,3.830473,3.685544
b1_30b,30,6.498964,8.687491,11.29501,15.97151,17.55568,16.27453,13.90399,21.53776,36.24276,40.75614,43.59584,56.97122,57.42957,55.69049,53.10256,47.04236,45.39112,38.43065,0.9626096,1.362635,1.797645,2.589192,2.782778,2.644987,2.355193,3.377874,3.981723,4.009724,4.046517,4.103271,3.84739,3.895873,3.991275,3.763841,3.796226,3.729571
b1_30c,30,6.549829,8.727848,11.26805,15.81736,17.36661,16.10444,13.76957,21.29304,35.82386,40.32897,43.19222,56.83438,57.09282,55.30138,52.65701,46.57166,44.88501,37.83714,0.9438458,1.336178,1.724185,2.349191,2.544474,2.440529,2.2083,3.402971,3.688239,3.678064,3.746771,3.981852,3.19999,3.243347,3.348877,3.21833,3.266716,3.262317
b1_30d,30,6.64204,8.91081,11.69085,16.71338,18.27631,16.93494,14.49478,22.18175,37.04016,41.54599,44.37326,57.65781,58.34721,56.59663,53.971,47.73508,46.05809,38.93061,1.036361,1.466006,1.955951,2.917889,3.106569,2.931876,2.587728,3.679851,4.247389,4.258155,4.289635,4.343467,4.032779,4.099013,4.194818,3.949194,3.995005,3.908109
b1_30e,30,6.366504,8.713765,11.24268,15.56173,17.1453,15.99098,13.83657,21.80865,35.81182,40.30991,43.29689,57.48832,57.33349,55.49613,52.77798,46.59322,44.90619,37.83322,1.016412,1.447885,1.870828,2.538903,2.735874,2.64012,2.404454,3.649165,3.817175,3.800721,3.885439,4.260861,3.47477,3.502832,3.579659,3.385906,3.431825,3.388608
b1_40a,40,6.048193,8.562587,10.94456,14.73379,16.65952,15.64843,13.44704,22.12776,35.77316,40.26913,43.45047,58.30861,55.93972,53.94552,51.26386,45.25884,43.59095,36.5789,1.025762,1.788096,2.370361,3.092115,3.425115,3.308856,2.966008,4.16144,4.565452,4.513218,4.537679,4.529965,4.112228,4.119911,4.184252,3.934572,3.960639,3.848939
b1_40b,40,6.529138,8.889165,11.6407,16.47516,18.10867,16.873,14.54169,22.37535,36.29444,40.72775,43.6395,57.25495,57.05124,55.18931,52.5601,46.40719,44.7443,37.65877,0.979484,1.625829,2.179634,3.01778,3.302185,3.175254,2.863719,3.944153,4.38354,4.291118,4.254803,3.991068,3.732805,3.754394,3.84355,3.666162,3.716023,3.734654
b1_40c,40,6.405374,8.636326,11.24254,15.89138,17.39207,16.16476,13.85504,21.29517,35.07106,39.47976,42.31832,55.74415,56.25229,54.41915,51.81766,45.75699,44.09631,37.07369,0.9715112,1.568947,2.096384,2.889225,3.156697,3.050518,2.788311,4.002223,4.470339,4.451568,4.485135,4.439215,3.943158,3.972356,4.067137,3.866872,3.893835,3.819547
b1_40d,40,6.564463,8.88578,11.57086,16.34862,17.81282,16.57788,14.27343,21.81304,35.36631,39.75344,42.63692,56.26583,56.70115,54.83475,52.19645,46.08167,44.42525,37.38243,0.9920636,1.677315,2.264621,3.144274,3.410149,3.290868,3.009824,4.199745,4.545744,4.486882,4.538932,4.593749,3.751231,3.753235,3.820423,3.648319,3.693746,3.697157
b1_40e,40,6.475698,8.769761,11.44592,16.16943,17.66992,16.46589,14.23558,21.791,35.21629,39.63455,42.56886,56.57489,56.73511,54.83266,52.14849,45.96712,44.29873,37.19964,0.9530794,1.635129,2.204374,3.041632,3.340279,3.248052,3.00723,4.180379,4.479827,4.391932,4.410645,4.211381,3.650914,3.677356,3.781709,3.656794,3.715528,3.773847
b1_50a,50,6.266749,8.936889,11.47434,15.48916,17.52959,16.43754,14.02433,22.99659,37.22727,41.66033,44.73693,58.93991,56.61528,54.65529,51.9902,46.00685,44.33407,37.34359,0.9398869,1.681273,2.250079,2.963031,3.396447,3.300046,2.969865,4.391569,4.66329,4.536576,4.531515,4.257819,3.690431,3.73953,3.849077,3.710964,3.767741,3.790671
b1_50b,50,6.135749,8.727575,11.16229,14.92504,17.01134,16.00937,13.70756,23.24919,37.47639,42.01916,45.29861,60.42624,56.31355,54.2555,51.51058,45.51509,43.83968,36.86045,1.065063,1.752293,2.272653,2.959832,3.266492,3.158262,2.843787,4.136449,4.569751,4.585154,4.692927,5.080866,4.394563,4.403169,4.431547,4.089646,4.099701,3.903109
b1_50c,50,6.435029,9.006529,11.59286,15.77231,17.66513,16.54805,14.18221,22.85079,36.92356,41.31967,44.29432,58.10146,56.30519,54.37738,51.72408,45.7621,44.10272,37.16461,0.9944737,1.717003,2.25332,2.924949,3.284923,3.211443,2.929012,4.43512,4.67476,4.593165,4.686117,4.927474,3.842312,3.888408,3.991248,3.820472,3.8728,3.878718
b1_50d,50,6.273237,8.744804,11.17093,15.00016,16.8334,15.80025,13.55121,22.1914,35.62244,39.96955,43.09103,57.94495,54.82837,52.79935,50.07645,44.29583,42.66448,35.92145,0.9368666,1.538987,1.988961,2.555807,2.840263,2.756999,2.490706,3.631891,4.041283,4.043717,4.092077,4.198956,3.843715,3.887586,3.988252,3.787653,3.818831,3.749332
b1_50e,50,6.253806,8.743029,11.29401,15.47449,17.31638,16.21211,13.87225,22.68426,36.66869,41.12423,44.26985,59.03745,56.17629,54.14559,51.4,45.38277,43.68462,36.66209,1.078257,1.750144,2.28652,3.130675,3.382448,3.235917,2.892523,4.259008,4.850012,4.861899,4.919692,5.031193,4.40188,4.440681,4.518615,4.237535,4.257841,4.116586
b1_60a,60,6.029492,8.565071,10.93583,14.57349,16.66144,15.6884,13.41213,22.76734,36.38256,40.80132,44.06049,59.38733,55.17491,53.1081,50.37994,44.53777,42.8967,36.07367,0.982724,1.586637,2.105196,2.786839,3.128847,3.023738,2.713755,3.92009,4.495294,4.474014,4.513609,4.441309,3.950119,3.940636,4.021115,3.808947,3.846818,3.777795
b1_60b,60,6.265678,8.956342,11.45427,15.26889,17.43019,16.43504,14.0528,23.66995,37.32265,41.69209,44.96798,64.47793,55.77185,53.70493,50.97404,45.10766,43.4836,36.68888,1.028374,1.727671,2.297655,3.033474,3.41574,3.305224,2.954391,4.26424,4.817042,4.777768,4.806589,4.982412,4.187479,4.174933,4.242179,3.987848,4.015274,3.889704
b1_60c,60,6.434461,8.998323,11.50176,15.47914,17.4356,16.37265,14.00824,22.93346,36.47026,40.8054,43.92524,58.71254,55.67642,53.65467,50.95307,45.0644,43.43516,36.61615,0.9681208,1.622294,2.139455,2.789369,3.133561,3.052686,2.774185,4.107613,4.420791,4.379453,4.441919,4.467423,3.875326,3.865168,3.945781,3.72517,3.754552,3.662422
b1_60d,60,6.246,8.705632,11.17355,15.14895,16.96177,15.9096,13.61973,22.0809,35.2909,39.57037,42.62609,57.32408,54.97498,52.97587,50.27543,44.42567,42.78741,35.95747,1.016873,1.632616,2.120701,2.758894,3.043715,2.962208,2.671721,4.077374,4.57243,4.588382,4.725095,5.056506,4.043905,3.994722,4.020493,3.748768,3.764322,3.613183
b1_60e,60,6.232725,8.684813,11.14314,15.11483,16.91428,15.86741,13.63507,22.11173,35.2458,39.53528,42.64442,57.67744,55.15308,53.11569,50.37309,44.4532,42.80172,35.911,1.008745,1.637962,2.136055,2.766181,3.061226,2.992481,2.747618,4.116291,4.579636,4.576269,4.677695,4.816018,4.080408,4.067155,4.137968,3.89604,3.919095,3.787005
b1_70a,70,6.099705,8.979944,11.51326,15.25532,17.48794,16.50257,14.15325,23.94764,37.62651,41.98342,45.25034,60.682,56.18642,54.08775,51.34957,45.5022,43.89491,37.19907,1.09487,1.911775,2.517529,3.238618,3.6477,3.543958,3.208155,4.614549,5.160171,5.117798,5.155373,4.995757,4.531069,4.552437,4.610542,4.334212,4.379151,4.293745
b1_70b,70,6.324869,9.133071,11.66034,15.38276,17.48134,16.52095,14.28848,23.90909,36.97237,41.28136,44.59834,60.58588,55.50981,53.37565,50.62783,44.88261,43.30653,36.73302,1.14722,1.874471,2.432301,3.089617,3.424749,3.338859,3.041383,4.391426,4.852804,4.811522,4.877426,4.798048,4.217821,4.240558,4.325129,4.133934,4.192981,4.177592
b1_70c,70,6.263234,8.891583,11.39043,15.23377,17.19581,16.17188,13.87,22.99894,36.43834,40.79375,44.00483,59.33477,56.17469,54.08857,51.32484,45.37357,43.74767,36.95938,1.124644,1.832567,2.404691,3.169055,3.459896,3.348513,3.021072,4.328145,5.019794,5.017959,5.065629,4.889384,4.319952,4.357709,4.428568,4.168622,4.208214,4.122612
b1_70d,70,6.279676,8.673261,11.15059,15.17523,16.91331,15.83916,13.58663,21.95794,35.13275,39.4559,42.52812,57.60442,55.3929,53.33945,50.59058,44.71109,43.11132,36.4425,1.092574,1.768525,2.336532,3.140445,3.455035,3.345763,3.029458,4.478446,5.159623,5.167544,5.248941,5.151785,4.52626,4.548251,4.603809,4.32851,4.380252,4.323841
b1_70e,70,6.29809,8.989307,11.57744,15.59163,17.45611,16.43074,14.22793,23.14396,35.81591,40.04258,43.26359,59.27645,55.27055,53.13554,50.36,44.60231,43.03384,36.50836,1.148769,1.849374,2.438984,3.271962,3.548414,3.432229,3.122895,4.466759,5.087934,5.087955,5.181826,5.147996,4.528176,4.539712,4.597815,4.291046,4.319955,4.172152
b1_80a,80,5.772031,8.297518,10.59254,14.09197,16.14272,15.21078,12.92802,22.38478,35.41745,39.78999,43.15905,59.55146,54.25403,52.07818,49.297,43.62195,42.01979,35.40851,1.054272,1.720041,2.266221,2.989238,3.338794,3.205477,2.812263,4.268452,5.171324,5.230355,5.328088,5.538256,4.907816,4.852981,4.852468,4.452701,4.447499,4.176733
b1_80b,80,6.148322,8.716374,11.11526,14.74411,16.59313,15.64015,13.41953,22.41986,34.60826,38.81132,42.09893,58.41139,54.24998,52.05178,49.20647,43.43019,41.83092,35.19452,0.972886,1.616679,2.117831,2.689211,3.015974,2.928861,2.600935,4.047314,4.896455,4.918982,5.006479,4.941833,4.252627,4.239087,4.299728,4.041868,4.058977,3.90104
b1_80c,80,6.223323,8.625267,11.0739,15.13076,16.79131,15.72026,13.39537,21.65546,34.35943,38.57872,41.63873,56.73576,54.59275,52.51223,49.74074,43.90097,42.29091,35.57752,0.971478,1.593417,2.122381,2.895725,3.17027,3.05234,2.717894,4.095947,4.930976,4.9362,4.966866,4.792138,4.189279,4.249622,4.373095,4.148522,4.162442,4.010779
b1_80d,80,6.103237,8.471303,10.90137,14.88373,16.55158,15.50919,13.24387,21.55316,34.11274,38.33054,41.43299,56.73236,54.45351,52.35559,49.58963,43.80722,42.2052,35.53792,1.029078,1.677579,2.227147,3.035575,3.255516,3.124763,2.768941,4.102828,4.765301,4.770417,4.840081,4.872674,4.218871,4.209744,4.245567,3.932849,3.94356,3.742727
b1_80e,80,6.127464,8.465405,10.90304,14.95136,16.43163,15.38765,13.26626,21.02965,33.12094,37.34459,40.44706,56.1164,54.5668,52.45689,49.65349,43.76544,42.15051,35.43396,0.9712101,1.605031,2.153604,2.936563,3.228869,3.108926,2.770519,4.162912,5.048236,5.065365,5.108939,4.800136,4.316217,4.34397,4.438985,4.161522,4.179899,4.018546
b1_90a,90,5.812408,8.211094,10.44177,13.87587,15.76979,14.82601,12.55705,21.39828,33.68116,37.85903,41.01448,56.62668,53.49915,51.35271,48.55743,42.92337,41.37553,34.89806,1.011898,1.619143,2.113645,2.735218,3.053834,2.941649,2.573244,3.944274,4.879737,4.916593,4.972923,4.82586,4.099021,4.109191,4.1644,3.938852,3.949023,3.836247
b1_90b,90,5.962228,8.130897,10.36293,14.03105,15.67477,14.67633,12.37983,20.75974,33.14759,37.39851,40.6219,56.73009,53.12367,50.94358,48.10407,42.47519,40.93839,34.46071,0.9682354,1.562937,2.076264,2.7687,3.072883,2.961028,2.577093,4.043644,5.020313,5.032049,5.088383,4.731048,4.097838,4.108222,4.166621,3.943576,3.957414,3.857884
b1_90c,90,5.949488,8.370374,10.67144,14.21629,16.13397,15.14366,12.74939,21.72413,34.14613,38.2602,41.39895,56.81495,53.49181,51.31815,48.49472,42.81676,41.2625,34.74673,1.041114,1.734683,2.283061,2.966114,3.317778,3.20507,2.821668,4.329719,5.188389,5.234085,5.324795,5.148406,4.462065,4.481546,4.549412,4.303215,4.316432,4.200487
b1_90d,90,5.987177,8.278882,10.60383,14.35285,15.97549,14.97283,12.69808,20.97816,33,37.13133,40.25231,55.81914,53.07316,50.91492,48.08083,42.40693,40.84644,34.33799,0.9847227,1.625456,2.141275,2.800405,3.123548,3.024519,2.651196,4.157427,5.014439,5.008967,5.08931,4.859853,3.853071,3.859539,3.91508,3.712806,3.735398,3.688117
b1_90e,90,5.984655,8.379739,10.75946,14.60872,16.16712,15.15106,12.95045,20.90616,32.75629,36.83209,39.85725,55.06446,53.25268,51.13113,48.32427,42.64091,41.09674,34.62336,1.034694,1.701214,2.253568,2.95136,3.254349,3.154381,2.823636,4.221763,4.983249,4.982263,5.038836,4.784199,4.0274,4.043954,4.111236,3.915912,3.945943,3.895497
b1_100a,100,5.834369,8.275885,10.59923,14.27695,16.24722,15.1658,12.47588,21.01749,34.19762,38.28304,41.03818,54.32283,53.67142,51.62473,48.7582,43.01497,41.50183,34.83493,1.000322,1.677428,2.227396,2.873825,3.235116,3.131994,2.762331,4.162083,4.861676,4.850493,4.919212,4.859869,4.066555,4.066487,4.109119,3.919973,3.940666,3.880075
b1_100b,100,5.837357,7.800981,10.06482,14.09838,15.60056,14.4162,11.73018,19.30272,32.53218,36.61052,39.16539,51.52868,52.03266,50.11361,47.34862,41.79551,40.31059,33.81999,1.055065,1.638007,2.184804,2.933684,3.209927,3.1096,2.721947,4.44725,5.503265,5.547762,5.698789,6.016271,4.778894,4.729913,4.707329,4.393664,4.395962,4.230156
b1_100c,100,5.963691,7.771383,10.12884,14.67612,15.69577,14.38133,11.77559,18.2565,31.44718,35.65087,38.10136,49.8547,52.59033,50.76367,48.02772,42.28635,40.72181,34.01375,0.925986,1.43934,1.959878,2.781751,2.897799,2.790314,2.511208,3.621268,4.164452,4.157197,4.231225,4.205727,3.488143,3.503164,3.552804,3.408991,3.434152,3.43332
b1_100d,100,5.932959,7.620138,9.951865,14.70152,15.65062,14.17481,11.36608,17.42093,31.44231,35.74489,37.93123,48.16911,52.93032,51.25087,48.60764,42.67381,41.03485,33.99373,0.868006,1.326126,1.809944,2.656568,2.772169,2.617776,2.28963,3.32645,3.980531,4.025331,4.108725,4.193066,3.600396,3.609405,3.63444,3.462637,3.489496,3.481973
b1_100e,100,5.991457,8.149369,10.58504,14.90406,16.1609,14.98455,12.53667,19.74873,32.21851,36.31349,38.98498,52.0832,52.59362,50.63243,47.81517,42.12296,40.60793,33.987,1.102467,1.818684,2.398882,3.149159,3.411877,3.333647,3.077876,4.605438,5.455551,5.471313,5.588944,5.754264,4.555903,4.53229,4.544514,4.288921,4.31077,4.19621
b2_00a,0,8.184468,14.32261,18.50417,23.96931,26.46962,25.45108,24.00037,32.4911,45.6094,49.95757,52.69291,64.67686,63.95452,62.18728,59.25589,51.85848,49.85507,40.7064,1.629134,3.067268,3.752909,4.311879,4.57817,4.601233,4.706446,5.311215,4.879203,4.736885,4.72875,4.537055,4.189934,4.264071,4.465713,4.1521,4.19066,4.103152
b2_00b,0,8.285967,14.12508,18.49345,24.4837,26.86144,25.76079,24.3056,32.6407,45.96977,50.38876,53.1574,65.31345,64.6127,62.83288,59.87501,52.42474,50.43634,41.29879,1.609597,2.926133,3.599921,4.204022,4.362218,4.374428,4.495193,4.823818,4.291374,4.180191,4.191594,4.311472,4.186842,4.214277,4.349881,3.884534,3.896832,3.715209
b2_00c,0,8.083618,13.55742,17.7443,23.49156,25.87562,24.77938,23.0903,31.53615,44.67707,49.00499,51.7299,63.85943,63.01882,61.24877,58.34223,51.14145,49.19038,40.284,1.742348,3.187071,3.999422,4.781066,5.09912,5.05349,4.889074,5.778536,5.679769,5.534242,5.516055,5.266132,4.894651,4.930861,5.051593,4.590448,4.590237,4.320912
b2_00d,0,8.30232,13.48284,17.77899,23.96137,26.2776,25.05546,23.14529,31.3915,45.12159,49.4578,52.06727,63.55833,63.24207,61.51382,58.63627,51.40985,49.44977,40.48409,1.883865,3.572621,4.51204,5.322179,5.819565,5.867241,5.890031,6.996546,6.440649,6.207325,6.19774,5.913118,5.105659,5.131508,5.234803,4.780515,4.778631,4.508257
b2_00e,0,8.194624,13.70198,17.98577,23.84246,26.37254,25.3133,23.71646,32.36305,45.10835,49.36432,52.08657,64.08542,63.16213,61.40501,58.48406,51.19633,49.22171,40.22476,1.690176,3.045904,3.791351,4.435852,4.830242,4.803926,4.598952,5.62887,5.482126,5.307227,5.299684,5.205214,4.715823,4.736496,4.834532,4.377452,4.382904,4.131058
b2_10a,10,7.884639,13.00822,16.81826,21.76468,24.94045,23.90806,21.37425,31.84356,44.67666,48.68016,51.43892,64.2653,61.67944,59.81904,56.98841,50.25386,48.46335,40.21842,1.593438,3.177016,4.105892,5.051732,5.694585,5.594863,5.192936,6.514871,6.917574,6.721838,6.593852,5.55317,5.068837,5.100119,5.269916,4.819615,4.792109,4.390744
b2_10b,10,8.196857,13.27539,17.38475,22.95538,25.70881,24.60457,22.33003,31.70952,44.15319,48.21538,51.00383,64.11788,62.28601,60.11274,57.24138,50.47208,48.71281,40.48677,1.512133,2.928739,3.781748,4.592278,5.145935,5.092476,4.846054,5.870322,5.983208,5.738226,5.583875,4.565535,4.27075,4.310699,4.54618,4.237892,4.240065,4.037923
b2_10c,10,8.412166,13.87327,18.10847,23.88112,26.88165,25.74419,23.31465,33.33794,46.37057,50.49232,53.28726,66.0201,63.5928,61.71774,58.82109,51.75789,49.91817,41.30833,1.428794,2.590239,3.250888,3.891593,4.286871,4.229594,3.944808,4.766771,4.870386,4.655381,4.539121,3.971138,3.803007,3.834253,4.069549,3.726608,3.728692,3.539446
b2_10d,10,8.170575,13.04046,17.08299,22.63782,25.34626,24.21862,21.80921,31.19115,43.77277,47.8293,50.60508,63.80191,61.74421,59.856,56.97025,50.24723,48.51022,40.38282,1.578906,3.017341,3.932615,4.863382,5.326529,5.262105,5.105494,5.894104,5.958275,5.714509,5.558922,4.525798,4.192479,4.24084,4.484975,4.110515,4.096447,3.794147
b2_10e,10,7.925337,12.8081,16.74274,22.10217,24.79345,23.70873,21.49458,30.97702,43.9343,48.19346,51.10162,64.54293,62.40016,60.49095,57.58041,50.61633,48.79322,40.32495,1.513044,2.909951,3.757111,4.639067,5.062507,5.00282,4.884456,5.664077,5.688092,5.46246,5.336457,4.508315,4.25747,4.305531,4.483407,4.063391,4.048426,3.758553
b2_20a,20,7.303992,11.69426,15.19279,19.91448,22.43614,21.44167,19.31433,28.49712,40.30139,44.34925,47.22612,61.34194,58.90596,57.01134,54.1163,47.78885,46.13223,38.49704,1.421448,2.755273,3.569857,4.44878,4.871524,4.791759,4.599013,5.413159,5.75827,5.604357,5.493913,4.5068,4.262682,4.356552,4.499396,4.094564,4.076542,3.721906
b2_20b,20,7.39358,11.62707,15.18781,20.08906,22.63061,21.5639,19.16124,28.43562,40.73283,44.7613,47.58934,61.41525,58.92758,57.0327,54.1476,47.86712,46.22179,38.61405,1.306667,2.521264,3.302665,4.109762,4.541551,4.459179,4.168275,5.115774,5.512115,5.360319,5.266614,4.482578,4.123179,4.206944,4.358987,4.017954,4.011118,3.676074
b2_20c,20,7.418374,11.60242,15.14371,20.06377,22.51394,21.46231,19.1959,28.30161,40.35848,44.3947,47.26853,61.29094,58.99951,57.10816,54.23252,47.98141,46.36105,38.83458,1.262739,2.487952,3.257979,4.042994,4.506597,4.444225,4.185973,5.107429,5.362281,5.141252,5.015279,4.142214,3.819054,3.909107,4.083566,3.781702,3.792343,3.568139
b2_20d,20,7.690162,12.1234,15.85957,21.04188,23.52052,22.4474,20.23518,29.1499,41.21107,45.23108,48.03632,61.67173,59.66305,57.78609,54.88229,48.47245,46.80027,39.05962,1.288573,2.527596,3.316395,4.146959,4.655183,4.590511,4.360746,5.400282,5.810332,5.631292,5.505156,4.353638,3.905716,4.021704,4.230051,3.92056,3.915949,3.653754
b2_20e,20,7.365287,11.36658,14.8429,19.74776,21.95881,20.91502,18.84091,27.33856,39.17709,43.29325,46.17499,60.45327,58.75822,56.85056,53.91604,47.52734,45.85254,38.15036,1.404516,2.76428,3.629695,4.557219,5.0441,4.96819,4.750566,5.748321,6.213452,6.05457,5.940725,4.837984,4.303862,4.409111,4.616362,4.273756,4.255579,3.918547
b2_30a,30,6.705594,10.45748,13.49499,17.63545,20.06071,19.12301,16.90399,26.14169,37.95317,41.99567,44.88012,59.03161,56.68667,54.7939,51.97516,46.03264,44.48429,37.3037,1.169382,2.447126,3.254636,4.075581,4.550975,4.469187,4.170269,5.178017,5.510051,5.335327,5.224741,4.471451,4.067491,4.131043,4.281718,3.961437,3.948012,3.700762
b2_30b,30,6.726311,10.24066,13.27494,17.57228,19.77138,18.78948,16.54264,25.2457,36.7165,40.6824,43.5586,57.91663,55.77273,53.86842,51.04947,45.22421,43.70135,36.67842,1.180726,2.423068,3.257367,4.161592,4.695495,4.599366,4.220541,5.410819,5.889595,5.711237,5.606631,4.687037,4.198866,4.252973,4.391429,4.031579,4.001565,3.70504
b2_30c,30,6.617909,9.661561,12.43333,16.49835,18.33926,17.3849,15.32935,23.24791,34.18513,38.13236,40.97305,55.57231,53.91209,52.01699,49.20447,43.6406,42.19113,35.50325,1.102804,2.407417,3.310363,4.282897,4.825981,4.714847,4.354368,5.733057,6.553628,6.451086,6.382169,5.416517,4.550547,4.612204,4.750257,4.378942,4.323399,3.923772
b2_30d,30,7.01388,10.74865,14.01297,18.6646,20.80124,19.80847,17.71524,26.27949,37.61526,41.62172,44.51578,59.01015,57.07183,55.16562,52.30237,46.28562,44.73301,37.48223,1.16445,2.364382,3.157006,3.954796,4.414141,4.335157,4.031739,5.050963,5.572217,5.420073,5.313667,4.516003,4.031991,4.091343,4.277086,3.974533,3.93985,3.648553
b2_30e,30,6.902617,10.69364,13.85647,18.24661,20.51865,19.54293,17.28458,26.20975,37.8129,41.76688,44.60998,58.70966,56.38334,54.48574,51.65252,45.74704,44.21304,37.08455,1.255067,2.593566,3.471585,4.413243,4.889747,4.794032,4.500299,5.516462,5.897642,5.715577,5.606772,4.669838,4.275252,4.353467,4.527174,4.197817,4.176851,3.916087
b2_40a,40,6.407794,9.344397,11.9825,15.72011,17.72295,16.79106,14.7797,23.0042,34.2912,38.30652,41.23093,56.39462,54.15242,52.20321,49.35357,43.76118,42.30698,35.59687,1.019523,2.019849,2.698309,3.432822,3.81874,3.736855,3.474988,4.429991,4.836786,4.745357,4.701214,3.964223,3.601296,3.691694,3.932015,3.708488,3.701939,3.50946
b2_40b,40,6.537904,9.583671,12.41415,16.55592,18.63143,17.63564,15.48295,23.97583,35.72472,39.74049,42.63476,57.38699,55.01799,53.08631,50.26055,44.56917,43.08974,36.23255,1.076036,2.027992,2.681875,3.414357,3.776197,3.698026,3.433074,4.427287,4.905363,4.764214,4.703458,4.003016,3.5686,3.615931,3.801795,3.53955,3.535372,3.355655
b2_40c,40,6.498869,9.423785,12.19833,16.35951,18.08852,17.09513,15.16646,22.73498,33.86542,37.87166,40.70824,55.53859,54.2578,52.34378,49.52158,43.92345,42.47987,35.80407,1.007344,2.075701,2.835699,3.700124,4.227499,4.137562,3.819173,5.23436,5.90347,5.76765,5.713672,4.696559,3.972041,4.064076,4.299247,4.122507,4.130826,3.983309
b2_40d,40,6.336532,8.947358,11.58469,15.64791,17.25121,16.24852,14.32312,21.57193,32.80228,36.83553,39.6525,54.33703,53.41496,51.51072,48.68973,43.12835,41.67354,35.00985,1.062458,2.07931,2.82573,3.692589,4.163083,4.0755,3.778156,5.116562,5.777806,5.681931,5.68756,5.137625,4.263511,4.30022,4.459662,4.129175,4.115236,3.859352
b2_40e,40,6.26546,8.995753,11.61119,15.54512,17.28141,16.33421,14.33057,22.09184,33.50005,37.53199,40.34572,54.94861,53.58522,51.68823,48.88528,43.35847,41.90737,35.27343,1.112988,2.065636,2.762272,3.579216,3.908166,3.8259,3.544723,4.689078,5.208587,5.111435,5.115592,4.701506,4.001136,4.021835,4.166655,3.825142,3.809657,3.566669
b2_50a,50,6.403522,9.092373,11.58275,15.24266,17.13425,16.21732,14.06423,22.15019,33.09126,36.97999,39.80141,54.20784,52.19055,50.2706,47.51223,42.26854,40.91404,34.65836,0.9886435,2.059544,2.789303,3.60669,4.02526,3.936611,3.654549,4.687854,5.252141,5.152135,5.087839,4.251021,3.712107,3.819545,4.015304,3.805887,3.79607,3.62163
b2_50b,50,6.303884,8.697598,11.19725,15.10808,16.71616,15.76047,13.66119,21.08257,31.69196,35.57269,38.37347,52.9506,51.62986,49.70412,46.91894,41.67223,40.30671,34.06667,0.9899462,1.984488,2.782418,3.750077,4.141942,4.023744,3.667242,4.713342,5.320377,5.201344,5.12629,4.233735,3.733202,3.835578,4.017897,3.75789,3.735859,3.513441
b2_50c,50,6.503634,9.241333,11.92365,16.04025,17.68344,16.71078,14.63664,22.15811,33.10602,37.06658,39.84514,54.03657,53.00767,51.12466,48.3666,42.93842,41.52528,35.04633,1.057053,2.126388,2.931965,3.878786,4.259823,4.162518,3.897952,4.918146,5.508071,5.387284,5.309848,4.520427,3.936646,4.029533,4.198455,3.936448,3.916858,3.691797
b2_50d,50,6.28752,8.746517,11.1701,14.89459,16.47992,15.55055,13.4946,20.88311,31.43801,35.31601,38.09458,52.50207,51.18097,49.28397,46.53731,41.38996,40.05123,33.94909,0.9929985,1.984263,2.742157,3.656654,4.101011,3.988575,3.624021,4.902902,5.72619,5.669962,5.645129,4.906277,4.179187,4.262958,4.441947,4.184046,4.171566,3.934405
b2_50e,50,6.415238,9.276894,12.01614,16.20284,17.93362,16.96818,14.94167,22.78254,33.88575,37.84534,40.62089,54.50183,53.11791,51.26069,48.53817,43.10204,41.66264,35.10403,1.07391,2.093929,2.865629,3.791757,4.162815,4.074645,3.861331,5.017173,5.634515,5.570883,5.574925,5.115524,4.382504,4.417274,4.5132,4.13435,4.095886,3.76556
b2_60a,60,5.891359,7.885553,9.891465,12.95998,14.75619,13.88316,11.654,19.57432,30.82026,34.69577,37.48371,51.65602,49.56549,47.65631,44.94667,39.98993,38.67803,32.77756,0.8750278,1.451778,1.927719,2.52285,2.834286,2.736041,2.390376,3.522552,4.459587,4.435544,4.43991,3.971689,3.376644,3.424883,3.593636,3.386492,3.391673,3.204603
b2_60b,60,5.830029,7.783737,9.83746,13.13999,14.70258,13.80659,11.73323,19.06534,30.05958,33.99619,36.77213,50.96473,49.98762,48.10641,45.40545,40.32901,38.97559,32.91159,0.8165613,1.409884,1.946651,2.698809,2.968703,2.866005,2.575705,3.718635,4.563124,4.586277,4.6434,4.546982,3.856529,3.853643,3.93703,3.584687,3.558436,3.211736
b2_60c,60,6.022484,7.943434,10.09668,13.67288,14.93912,14.01474,12.11147,18.72317,29.10282,33.00141,35.77634,50.27807,49.73941,47.86355,45.14059,40.09783,38.77496,32.80885,0.7964959,1.366513,1.877699,2.563184,2.806236,2.723908,2.487329,3.460049,4.092612,4.061351,4.079989,3.733806,3.240307,3.292838,3.480248,3.257389,3.256227,3.046617
b2_60d,60,5.904467,7.660282,9.627772,12.87567,14.30743,13.40598,11.35009,18.33041,28.97077,32.83901,35.61312,50.18047,48.82013,46.91463,44.18877,39.29808,38.00348,32.21689,0.7773777,1.331339,1.80944,2.446369,2.691167,2.607821,2.349019,3.351225,3.996884,3.949984,3.960138,3.617598,3.257276,3.31284,3.492822,3.280425,3.279696,3.065967
b2_60e,60,5.988223,7.963151,10.09527,13.53466,15.00929,14.0857,12.01237,19.042,29.85989,33.72686,36.41394,50.26212,49.52744,47.66448,44.96169,39.94429,38.61231,32.63442,0.8753186,1.456061,2.005149,2.770239,3.01434,2.912883,2.661005,3.705944,4.571379,4.591328,4.625472,4.289042,3.717596,3.782378,3.950266,3.692191,3.681249,3.397
b2_70a,70,5.750705,7.454088,9.257102,12.08959,13.886,13.0588,10.71425,18.91451,30.16081,34.00109,36.798,51.0683,48.4689,46.53612,43.8685,39.07379,37.83146,32.17929,0.778481,1.204206,1.621256,2.187484,2.490799,2.386162,2.028129,3.222669,4.360017,4.389169,4.414677,3.962852,3.616229,3.629635,3.659914,3.441625,3.437311,3.212899
b2_70b,70,5.749914,7.351531,9.229257,12.48168,13.49471,12.64023,10.80779,16.94581,26.74389,30.57856,33.24383,47.20216,47.76997,45.95052,43.33854,38.52735,37.26673,31.62204,0.677447,1.153605,1.610388,2.26008,2.506904,2.438389,2.233859,3.474058,4.552517,4.639367,4.767593,4.826427,3.643136,3.62319,3.634055,3.421282,3.419588,3.19304
b2_70c,70,5.800409,7.383068,9.182884,12.18516,13.57836,12.74843,10.6661,17.70328,27.87605,31.65497,34.42629,49.04444,47.53938,45.6202,42.94996,38.21446,36.98787,31.43573,0.7328932,1.178751,1.619284,2.233079,2.521033,2.432908,2.120633,3.292803,4.260448,4.240535,4.247559,3.780647,3.249763,3.269386,3.317953,3.157421,3.173677,3.021479
b2_70d,70,5.82041,7.529949,9.425163,12.51057,14.12713,13.26623,11.01009,18.76519,29.71811,33.55971,36.35046,50.63971,48.74211,46.82455,44.14956,39.2943,38.04294,32.32634,0.8313544,1.310958,1.785064,2.472013,2.746212,2.638576,2.324913,3.414396,4.4583,4.429714,4.403336,3.867098,3.562017,3.583162,3.617384,3.40059,3.409394,3.227676
b2_70e,70,5.816812,7.475582,9.400616,12.66253,13.82652,12.95645,10.99159,17.4112,27.28394,31.06505,33.72861,47.69072,47.78456,45.94059,43.31031,38.51417,37.26819,31.63668,0.7552336,1.210592,1.670719,2.322778,2.541371,2.45643,2.214204,3.262232,4.066336,4.088175,4.139131,3.903823,3.25092,3.268519,3.334194,3.206439,3.226487,3.118273
b2_80a,80,5.632878,7.171828,8.830713,11.52084,12.8049,12.00413,10.10888,16.56086,26.69813,30.4906,33.10778,46.68152,47.00647,45.15499,42.53179,37.8121,36.56232,31.05827,0.770551,1.203875,1.590302,2.111931,2.333293,2.249721,1.992601,3.099235,4.052241,4.118697,4.177009,3.971236,3.493653,3.529889,3.590547,3.434353,3.45716,3.32298
b2_80b,80,5.802327,7.262722,9.015477,12.03611,13.24232,12.36627,10.35972,16.66118,26.95881,30.7673,33.392,47.16138,47.3217,45.44121,42.78785,38.02314,36.76358,31.19296,0.7509105,1.186121,1.617103,2.244094,2.512547,2.424867,2.102597,3.321089,4.327512,4.356654,4.399951,4.040099,3.291306,3.304275,3.351658,3.18462,3.18558,3.001447
b2_80c,80,5.742394,7.276804,9.062741,12.0932,13.3828,12.51967,10.51823,17.08273,27.29753,31.09309,33.78432,47.92578,47.58366,45.6693,42.98999,38.21489,36.97268,31.41774,0.6934938,1.127161,1.559965,2.184279,2.475667,2.389188,2.095725,3.252897,4.183422,4.182558,4.197662,3.775125,3.125799,3.150677,3.199125,3.070252,3.091966,2.991092
b2_80d,80,5.688871,7.169903,8.882144,11.74471,13.03599,12.20419,10.21115,16.73574,26.77712,30.50456,33.15917,47.22975,46.78077,44.86433,42.18476,37.50542,36.27975,30.84568,0.8142,1.286992,1.746301,2.407807,2.771349,2.667033,2.29774,3.731537,4.97494,5.040317,5.099016,4.622241,3.775519,3.809015,3.879333,3.724235,3.734244,3.551204
b2_80e,80,5.61982,6.964191,8.613382,11.49402,12.53006,11.70527,9.906835,15.77798,25.57122,29.35099,31.97725,45.95238,46.49785,44.62958,41.9703,37.26875,36.02514,30.54803,0.7252245,1.145936,1.560093,2.15529,2.417126,2.334381,2.045113,3.233213,4.316212,4.406246,4.478528,4.234833,3.524686,3.535298,3.574837,3.372944,3.37139,3.158005
b2_90a,90,5.58433,6.976483,8.542211,11.13486,12.31781,11.50605,9.685179,15.4825,25.55809,29.33571,31.79913,44.7126,45.90767,44.11858,41.56443,36.97535,35.7493,30.3789,0.7153859,1.115729,1.483778,1.977923,2.23479,2.159649,1.922659,2.977446,3.611994,3.637831,3.712925,3.712649,2.979429,3.039927,3.190368,3.058739,3.053254,2.933106
b2_90b,90,5.579598,6.698521,8.166564,10.75335,11.87083,11.04559,9.133064,14.9277,25.01317,28.75861,31.33096,45.31261,44.94355,43.03763,40.40545,35.95885,34.78871,29.62726,0.7099625,0.9998599,1.298178,1.751061,1.946088,1.852891,1.521438,2.595783,3.708968,3.775931,3.811913,3.45484,3.041459,3.133763,3.298981,3.179765,3.172714,3.045401
b2_90c,90,5.562518,6.667875,8.159492,10.8302,11.94526,11.10508,9.18031,14.99734,25.1953,28.95999,31.52209,45.4029,45.14995,43.24186,40.59138,36.09221,34.91131,29.68497,0.7349326,1.032252,1.356618,1.889479,2.090292,1.98635,1.668902,2.738622,3.813857,3.870783,3.919681,3.627316,3.090662,3.16361,3.314787,3.171694,3.153881,2.986113
b2_90d,90,5.605048,6.798934,8.283267,10.78872,12.15545,11.33855,9.26616,15.82077,26.58586,30.30853,32.85402,46.30635,45.05537,43.12275,40.47192,35.99718,34.81732,29.60893,0.7726817,1.13202,1.50051,2.037972,2.325783,2.211477,1.802819,3.05393,4.405613,4.424203,4.41647,3.813238,3.277234,3.348996,3.491584,3.318298,3.306087,3.135826
b2_90e,90,5.562997,6.776029,8.271199,10.84874,11.96696,11.15982,9.304172,15.08662,24.99348,28.70777,31.23322,44.92455,45.0205,43.12778,40.47937,35.96446,34.77799,29.54407,0.7235731,1.079901,1.433737,1.946965,2.21253,2.117875,1.786512,2.968496,4.097472,4.15848,4.22051,3.91488,3.220853,3.27555,3.407373,3.225002,3.202639,3.007187
b2_100a,100,5.331546,6.359616,7.57517,9.707194,10.32885,9.598778,8.22436,12.41567,21.56684,25.14449,27.26657,38.50117,41.68532,40.15289,37.78469,33.70307,32.56672,27.66099,0.7065651,0.9179394,1.125541,1.472237,1.561961,1.466869,1.256357,1.975601,2.74974,2.885919,2.96819,3.295873,2.692045,2.699358,2.742575,2.628219,2.629597,2.537262
b2_100b,100,5.233526,6.190344,7.414042,9.63845,10.28322,9.544926,8.112049,12.57699,21.77168,25.37088,27.60826,39.59681,41.48317,39.83568,37.36804,33.28614,32.16671,27.29732,0.8414908,1.048783,1.287332,1.732992,1.793746,1.683837,1.420623,2.391888,3.475419,3.633687,3.792741,4.413048,3.28126,3.233465,3.215521,2.982138,2.968039,2.782989
b2_100c,100,5.249427,6.156165,7.448216,9.85092,10.53549,9.767352,8.242996,12.9184,22.27153,25.94258,28.26609,40.77819,42.34049,40.58887,38.00558,33.73273,32.58995,27.56701,0.8319874,1.046866,1.307384,1.806661,1.826786,1.717502,1.481333,2.358026,3.612479,3.803371,3.924659,4.027963,3.27515,3.261222,3.280803,3.091013,3.081639,2.90263
b2_100d,100,5.292216,6.293716,7.532385,9.701455,10.24872,9.60019,8.428821,12.85618,20.95379,24.39705,26.81194,40.29338,40.88072,39.12002,36.57388,32.60031,31.5402,26.90133,0.769459,1.008263,1.260357,1.699802,1.755165,1.662961,1.476704,2.48713,3.776212,3.983628,4.160299,4.688519,3.567204,3.510367,3.478104,3.227943,3.213907,2.993581
b2_100e,100,5.256432,6.182445,7.406127,9.654954,10.30543,9.542143,8.049461,12.3445,21.50971,24.95426,26.96342,37.36215,39.78464,38.37214,36.16024,32.45347,31.39131,26.82883,0.7769334,1.012733,1.268609,1.736076,1.797177,1.686814,1.453668,2.39209,3.348871,3.532589,3.726912,4.574416,3.530842,3.422235,3.333737,3.033921,3.016233,2.781158
b3_00a,0,7.869545,11.75497,15.50593,21.73498,24.75184,23.0933,19.80005,28.42217,45.66239,50.02199,52.10695,59.95136,61.67904,60.07727,57.5928,50.32608,48.16245,39.05601,1.349942,2.177438,2.775942,3.518048,3.892951,3.795628,3.463637,4.307318,4.490456,4.410859,4.434506,4.307746,4.147207,4.079864,4.140962,3.856025,3.883619,3.859591
b3_00b,0,8.026634,11.30933,15.36372,22.66114,25.06704,23.23181,20.03055,27.84829,44.98251,49.464,51.61796,59.7942,61.94381,60.34993,57.85863,50.50174,48.31962,39.16853,1.487406,2.224484,2.91969,3.966614,4.269906,4.146301,3.811837,4.624567,4.700829,4.548119,4.535455,4.232906,3.980506,3.928286,3.990875,3.76412,3.80489,3.851552
b3_00c,0,8.241072,11.53238,15.65771,23.02833,25.47699,23.64872,20.54103,28.47858,45.6415,50.04818,52.12063,59.93419,61.64778,60.08115,57.60896,50.39911,48.26763,39.2257,1.535153,2.275595,2.965635,4.041745,4.294484,4.172155,3.888678,4.597641,4.607843,4.481481,4.457448,4.216619,4.067447,4.01715,4.095423,3.860812,3.907604,3.915284
b3_00d,0,8.335975,11.62416,15.88127,23.48316,25.92753,24.03766,20.76242,28.76762,45.98836,50.43211,52.56326,60.56038,62.30552,60.64962,58.06755,50.63375,48.45633,39.18912,1.462474,2.147549,2.760372,3.672166,3.904798,3.814828,3.546001,4.229263,4.05231,3.875265,3.854951,3.668722,3.581779,3.513401,3.564126,3.32024,3.360631,3.423113
b3_00e,0,7.981753,11.23191,15.29459,22.65434,25.02834,23.17234,19.97108,27.84214,45.03677,49.4907,51.63514,59.75639,61.9068,60.29997,57.80163,50.50869,48.35408,39.25706,1.442214,2.166042,2.80505,3.777142,4.029961,3.918325,3.611941,4.31846,4.332737,4.210934,4.210679,4.040907,3.943276,3.892162,3.95894,3.712463,3.756418,3.817841
b3_10a,10,6.955774,10.3901,13.43992,17.98911,20.6154,19.51615,17.16839,26.33943,40.42656,44.65665,47.45042,59.89643,57.17242,55.39528,52.86318,46.73808,44.96488,37.37968,1.12856,1.989083,2.633899,3.480728,4.023153,3.851578,3.340045,4.330143,5.244777,5.110048,4.91753,4.002813,3.928759,3.950034,4.039275,3.816324,3.828352,3.707735
b3_10b,10,7.174853,10.77231,13.93885,18.62094,21.51899,20.39075,17.84655,27.62478,42.3387,46.5092,49.22327,60.93172,57.93344,56.18264,53.68864,47.45546,45.64719,37.88939,1.199383,2.06735,2.706127,3.452663,3.916696,3.77384,3.313867,4.321593,4.984161,4.900726,4.834408,4.507174,4.266293,4.244366,4.28091,3.978719,3.992203,3.820657
b3_10c,10,7.156531,10.48099,13.68426,18.73155,21.17062,19.94848,17.54605,26.05453,40.1847,44.39528,47.08111,59.13296,57.70885,55.96578,53.42628,47.13761,45.33357,37.58894,1.092458,1.924248,2.547579,3.367345,3.851954,3.701828,3.275901,4.216706,4.972984,4.845906,4.692296,3.8641,3.73962,3.7589,3.848058,3.658216,3.685605,3.620903
b3_10d,10,7.196955,10.35002,13.64735,19.12316,21.28875,19.97776,17.63048,25.52809,39.51149,43.76927,46.46484,58.54251,57.87159,56.12578,53.57232,47.25881,45.46199,37.72334,1.121626,1.891735,2.490337,3.315141,3.663472,3.515071,3.136189,3.844456,4.258528,4.1299,3.997963,3.50178,3.339741,3.353588,3.445213,3.278866,3.315669,3.347862
b3_10e,10,7.315074,10.6676,14.09006,19.70516,22.12905,20.77218,18.21533,26.29362,40.80067,44.96946,47.46983,58.46223,58.11807,56.43468,53.92338,47.53461,45.68437,37.77252,1.156887,1.927778,2.46144,3.033487,3.389654,3.316973,3.017445,3.948922,4.131909,4.022298,4.012146,3.854969,3.603108,3.563994,3.623161,3.4129,3.446349,3.445512
b3_20a,20,6.686156,9.707628,12.41828,16.43493,18.7376,17.74835,15.597,24.59692,37.66566,41.80477,44.79457,58.71766,54.36379,52.49949,49.94917,44.36329,42.77632,35.91226,0.9423599,1.668323,2.225934,2.954793,3.360015,3.227434,2.84818,3.641735,4.215305,4.107032,3.981028,3.415761,3.331061,3.362053,3.426582,3.287862,3.303663,3.27651
b3_20b,20,6.64091,9.725712,12.52909,16.74087,19.05579,18.03127,15.88634,24.83675,38.13298,42.35869,45.33645,58.96095,55.43681,53.59057,51.02869,45.20606,43.54908,36.38896,1.019946,1.789549,2.385153,3.200372,3.600493,3.451838,3.062424,3.928533,4.631733,4.585422,4.537612,4.33542,4.053697,4.053962,4.070351,3.796593,3.798049,3.679685
b3_20c,20,6.479869,9.502033,12.29473,16.58276,18.84677,17.81501,15.72064,24.25448,37.42833,41.64475,44.59612,58.38301,55.43015,53.6015,51.0466,45.1998,43.52089,36.32116,1.193042,1.963477,2.616347,3.535906,3.970353,3.799377,3.364008,4.338297,5.229265,5.218798,5.18166,4.880021,4.685521,4.673857,4.6807,4.297092,4.270314,3.993326
b3_20d,20,6.791519,9.549033,12.45251,17.26037,19.1895,18.02247,15.90452,23.60697,36.80169,41.04833,43.88838,57.10299,55.56229,53.77029,51.19815,45.25808,43.57519,36.30021,0.9269089,1.556131,2.111776,2.957528,3.248958,3.100951,2.778676,3.384952,3.763273,3.644556,3.534019,3.034592,2.899047,2.916178,2.959872,2.821496,2.839671,2.864994
b3_20e,20,6.727108,9.4464,12.30966,17.03118,18.81176,17.68071,15.70342,23.11374,35.62734,39.79776,42.679,56.48479,54.81299,52.97344,50.37176,44.54029,42.89687,35.80005,1.010087,1.64475,2.246966,3.228153,3.553354,3.370755,2.974378,3.698553,4.401876,4.309972,4.184337,3.620713,3.45621,3.476101,3.521044,3.324081,3.325071,3.243825
b3_30a,30,6.390389,9.304646,11.90797,15.71277,17.86027,16.94156,14.99033,23.76239,35.89159,39.9986,43.1628,58.80229,53.51767,51.55548,48.93953,43.56269,42.05681,35.58754,1.10053,1.893977,2.582608,3.54863,4.046681,3.857812,3.374508,4.353079,5.370625,5.310373,5.189839,4.552195,4.408792,4.427281,4.489953,4.182272,4.180623,3.948033
b3_30b,30,6.454629,9.199026,11.82018,15.8524,17.75909,16.78209,14.88259,23.03851,35.33129,39.52645,42.64429,57.73359,53.79918,51.87711,49.25014,43.71972,42.16456,35.50302,0.9996298,1.727194,2.36163,3.313077,3.686007,3.509094,3.12337,3.88567,4.62249,4.542364,4.439119,4.039775,3.820033,3.831321,3.876545,3.614155,3.619385,3.4931
b3_30c,30,6.540806,9.290373,11.9538,16.06902,17.91337,16.92742,15.02994,22.9831,34.85682,38.9393,41.98356,56.97134,53.40662,51.48813,48.86536,43.38064,41.83657,35.23457,0.9894034,1.718553,2.324605,3.193296,3.513794,3.354853,2.976791,3.673388,4.257524,4.158843,4.04476,3.664023,3.347506,3.356829,3.4106,3.222382,3.241283,3.174008
b3_30d,30,6.524348,9.139723,11.79251,16.06466,17.73776,16.72093,14.92731,22.48711,34.28237,38.44218,41.51542,56.79274,53.93184,52.00771,49.36334,43.79023,42.23492,35.55186,0.9281246,1.539568,2.075891,2.930217,3.19238,3.031065,2.712314,3.363848,4.044272,3.987917,3.901542,3.457942,3.188949,3.215132,3.304066,3.180124,3.204471,3.165048
b3_30e,30,6.501531,9.217906,11.9079,16.16922,17.86694,16.8585,15.07293,22.57446,34.25547,38.3582,41.36143,56.24062,53.90292,52.00267,49.3632,43.75692,42.192,35.49734,0.9838098,1.60438,2.174948,3.025465,3.292764,3.1357,2.767275,3.506506,4.181904,4.1464,4.106886,3.774504,3.534672,3.541162,3.596313,3.397146,3.414622,3.326875
b3_40a,40,6.025643,8.75071,11.14715,14.6475,16.7153,15.86677,13.95812,22.88634,34.84565,39.00188,42.2892,58.67316,52.69523,50.67725,48.0538,42.86777,41.44415,35.27873,1.081899,1.852584,2.465492,3.30234,3.690699,3.525452,3.082628,4.046457,4.900208,4.899015,4.890579,4.933495,4.484551,4.455772,4.453805,4.122256,4.11373,3.910327
b3_40b,40,6.30413,8.87376,11.27678,14.86526,16.67652,15.80764,13.96262,22.44153,34.04811,38.21416,41.52621,58.09278,52.71078,50.67418,48.00334,42.74027,41.31193,35.09266,0.9359412,1.584107,2.11886,2.896369,3.13578,2.987747,2.632416,3.30362,3.87928,3.855848,3.840265,3.914119,3.693297,3.678743,3.702996,3.444168,3.438076,3.303225
b3_40c,40,6.226614,8.568626,10.87342,14.41663,16.10002,15.23526,13.44266,21.53776,32.9702,37.109,40.38026,56.99533,52.06662,50.03259,47.36198,42.21364,40.82496,35.044,0.9605262,1.607226,2.187503,3.078017,3.308204,3.146361,2.797088,3.507691,4.058327,3.995433,3.948595,3.664044,3.416496,3.432317,3.485322,3.303676,3.308528,3.2489
b3_40d,40,6.246236,8.6162,10.93755,14.52252,16.1044,15.23886,13.55704,21.23934,32.26984,36.36238,39.582,56.16589,52.05091,50.02951,47.34749,42.15217,40.75301,34.67387,0.8810687,1.556295,2.106607,2.924192,3.201172,3.049493,2.686093,3.471738,4.146574,4.087248,4.007431,3.622904,3.366233,3.388355,3.449793,3.25911,3.257765,3.170313
b3_40e,40,6.247227,8.862195,11.38686,15.3432,17.09262,16.15354,14.33125,22.16089,33.61713,37.66367,40.72846,56.20766,52.95621,50.99625,48.36337,43.0337,41.59519,35.32222,1.025919,1.753125,2.380847,3.330216,3.634329,3.471678,3.096334,3.903892,4.561172,4.529595,4.517145,4.37868,4.051501,4.040707,4.067098,3.813802,3.822102,3.710263
b3_50a,50,5.954831,8.381923,10.58425,13.85267,15.64936,14.85431,13.09918,21.43604,32.58369,36.66243,39.97618,56.94302,51.34722,49.28823,46.63194,41.58279,40.2112,34.27164,0.8796113,1.531111,2.098358,2.890037,3.237311,3.079371,2.689524,3.540256,4.255156,4.218746,4.16314,3.876817,3.728609,3.735296,3.788332,3.582965,3.586885,3.505229
b3_50b,50,6.198273,8.603205,10.95079,14.59406,16.29447,15.40604,13.53294,21.63655,32.86252,36.91076,40.17008,56.89324,51.25697,49.20456,46.54483,41.47432,40.11467,34.16609,0.955876,1.597337,2.224798,3.282065,3.582433,3.357938,2.899161,3.570324,4.456118,4.425415,4.333981,4.033923,3.732314,3.753665,3.810344,3.574424,3.561669,3.417004
b3_50c,50,6.1628,8.452244,10.6893,14.12976,15.65483,14.83056,13.16507,20.92347,31.58928,35.61543,38.88949,56.01453,50.7455,48.68555,46.01454,41.02629,39.70468,33.8951,0.8511911,1.446638,2.01861,2.940785,3.207497,3.037971,2.702418,3.487767,4.216178,4.185967,4.129871,3.78992,3.521411,3.556013,3.643193,3.480209,3.483363,3.393867
b3_50d,50,6.068769,8.393045,10.66695,14.21822,15.79333,14.94301,13.21055,20.86483,31.64726,35.62288,38.79533,55.26782,51.21332,49.1758,46.49599,41.38503,40.01818,34.06981,0.9067959,1.50869,2.065794,2.938644,3.172678,3.01333,2.68355,3.430686,4.154896,4.187655,4.207285,4.209287,3.878925,3.867842,3.900143,3.648726,3.642837,3.48927
b3_50e,50,6.153319,8.440502,10.74797,14.41135,15.87666,14.99228,13.2749,20.63707,31.19834,35.14442,38.30099,55.07463,50.74155,48.68476,45.99522,40.94624,39.60239,33.74072,0.9996284,1.636673,2.301058,3.41725,3.660957,3.447086,3.064284,3.775862,4.56308,4.555469,4.520514,4.29466,3.992677,3.992859,4.027662,3.737202,3.714502,3.517695
b3_60a,60,5.727911,7.955185,9.920936,12.72077,14.44035,13.76077,12.19859,20.93145,31.83268,36.02529,39.6232,58.12828,49.85382,47.73206,45.09979,40.40084,39.15748,33.69983,0.9539399,1.591672,2.135927,2.874747,3.287191,3.140701,2.746449,3.78118,4.642494,4.61532,4.566569,4.259216,4.062827,4.076159,4.12049,3.884639,3.900999,3.748591
b3_60b,60,6.016345,8.254701,10.31241,13.31156,15.01736,14.26715,12.55718,21.1305,32.24037,36.4086,39.90674,57.81876,50.18818,48.08236,45.43542,40.64908,39.39038,33.82154,0.746904,1.26808,1.726138,2.375005,2.668167,2.543612,2.21496,2.958117,3.535639,3.474072,3.39959,3.316161,3.092371,3.110443,3.154017,2.99239,3.002802,2.915778
b3_60c,60,5.957048,8.257689,10.36041,13.42364,15.10026,14.3579,12.71194,21.22673,32.09243,36.24418,39.76579,57.97589,50.34359,48.23429,45.57149,40.7464,39.47384,33.8503,0.8699204,1.410815,1.906408,2.634595,2.913064,2.773443,2.453222,3.233923,4.002588,4.0198,3.996552,3.862343,3.705106,3.723987,3.762552,3.527165,3.524241,3.344194
b3_60d,60,5.915953,8.131662,10.16242,13.14311,14.76828,14.0384,12.44326,20.69155,31.40033,35.50452,38.96577,57.02348,50.00538,47.89771,45.24296,40.48938,39.24067,33.7472,0.8813002,1.418943,1.935471,2.709645,3.012217,2.852233,2.480957,3.286821,4.089194,4.068013,4.00726,3.671943,3.436285,3.469481,3.523285,3.317262,3.312384,3.155798
b3_60e,60,5.971266,8.018874,10.04229,13.14673,14.63514,13.86817,12.25761,19.92405,30.42804,34.42175,37.70345,55.02599,49.44312,47.37762,44.74012,40.04018,38.81635,33.41925,0.832541,1.316986,1.817456,2.618541,2.858387,2.710978,2.40246,3.196363,3.855074,3.827287,3.809191,3.572783,3.243798,3.271386,3.319529,3.153758,3.166517,3.053907
b3_70a,70,5.545341,7.462565,9.255052,11.8848,13.51455,12.85462,11.29141,19.82164,30.57426,34.76054,38.40894,57.5704,48.64319,46.46645,43.80928,39.2828,38.09666,32.92949,0.9231811,1.339138,1.773293,2.382562,2.683305,2.568778,2.276414,3.346162,4.157046,4.255265,4.374878,4.796569,4.333115,4.299946,4.298945,4.015832,4.031266,3.83721
b3_70b,70,5.699317,7.539082,9.311533,11.93939,13.46837,12.79329,11.2436,19.50069,30.18674,34.38256,38.01202,57.20497,48.87989,46.6967,44.01836,39.43024,38.24205,33.02439,0.8433474,1.256087,1.694543,2.35267,2.616345,2.483528,2.179818,3.073602,3.902164,3.939926,3.941531,3.843388,3.574899,3.584029,3.620095,3.41696,3.432529,3.30435
b3_70c,70,5.836166,7.750596,9.630246,12.47023,13.93983,13.22066,11.6361,19.58989,30.191,34.31322,37.81005,56.27327,48.88731,46.73232,44.05799,39.41827,38.20448,32.89399,0.859746,1.257208,1.704854,2.439766,2.629442,2.487199,2.183663,2.891975,3.63344,3.654489,3.65423,3.599595,3.311417,3.326771,3.365784,3.162121,3.165256,3.03085
b3_70d,70,5.87988,7.788848,9.69799,12.62124,14.08607,13.35322,11.74621,19.60503,30.17376,34.24591,37.66859,55.81015,48.82788,46.69161,44.01994,39.36427,38.15191,32.82843,0.8688501,1.2687,1.73442,2.542356,2.730123,2.574101,2.283489,2.914957,3.598204,3.618644,3.60459,3.57858,3.357069,3.388669,3.45137,3.247245,3.242864,3.075121
b3_70e,70,5.85626,7.747268,9.627254,12.50308,13.9021,13.17556,11.63164,19.20393,29.37874,33.36764,36.73461,54.8704,48.66431,46.52518,43.84992,39.2055,37.99728,32.73133,0.8357785,1.210834,1.607628,2.245136,2.402615,2.279302,2.02287,2.744581,3.438391,3.493251,3.554749,3.682962,3.244192,3.244307,3.275034,3.097417,3.113498,3.002938
b3_80a,80,5.519953,7.254894,8.901293,11.26683,12.76188,12.16783,10.87311,19.23277,29.48416,33.67567,37.45877,57.66419,47.74865,45.54227,42.89198,38.57919,37.47123,32.64245,0.8112193,1.201974,1.565178,2.061924,2.342787,2.25878,2.046189,3.155314,4.002456,4.117352,4.211422,4.301594,4.131696,4.122357,4.139507,3.878772,3.88506,3.693315
b3_80b,80,5.679424,7.377721,9.028148,11.41365,12.83206,12.22629,10.92661,19.05757,29.12996,33.26511,36.98611,57.0366,47.48831,45.28496,42.62247,38.31508,37.21393,32.39858,0.7270418,1.080915,1.413067,1.888595,2.129287,2.047999,1.84565,2.794805,3.496289,3.580061,3.666755,3.808724,3.45278,3.450211,3.47946,3.293812,3.308959,3.193556
b3_80c,80,5.591993,7.348053,9.058332,11.59758,13.07696,12.42822,11.01758,19.12362,29.51236,33.62202,37.22073,56.47206,47.91612,45.74076,43.09135,38.67994,37.53989,32.56327,0.8085906,1.144015,1.487333,2.012862,2.233089,2.134863,1.892017,2.826122,3.553735,3.651011,3.748864,4.069761,3.686519,3.661327,3.668722,3.440475,3.457297,3.326807
b3_80d,80,5.535524,7.244272,8.891035,11.30144,12.72488,12.10837,10.79806,18.77389,28.82594,32.90162,36.53368,56.25396,47.58699,45.39199,42.72854,38.4075,37.30095,32.50459,0.8525,1.170746,1.5089,2.007209,2.251145,2.15958,1.932214,2.929093,3.759527,3.850426,3.925725,3.878042,3.672637,3.663259,3.694371,3.489832,3.50552,3.37281
b3_80e,80,5.658077,7.327192,9.009406,11.54772,12.92082,12.26931,10.93751,18.49115,28.44893,32.4319,35.86694,54.54097,47.56837,45.42048,42.77187,38.36093,37.22734,32.30655,0.8409296,1.17255,1.538265,2.133653,2.390364,2.275036,2.004179,3.108791,3.995297,4.115917,4.236572,4.608367,3.887955,3.860484,3.864753,3.641267,3.660016,3.52514
b3_90a,90,5.452446,7.130481,8.73492,11.08841,12.67859,12.07193,10.50471,19.19878,30.15738,34.40596,38.19414,58.14988,47.79129,45.58432,42.95441,38.7308,37.65355,32.96374,0.7615016,1.184962,1.592359,2.135641,2.457515,2.362031,2.080423,3.246471,4.063225,4.125629,4.19729,4.228497,3.89611,3.875712,3.886882,3.658502,3.675676,3.531641
b3_90b,90,5.57512,7.199057,8.784088,11.10973,12.6022,12.00428,10.49545,19.05493,29.72314,33.97209,37.79095,57.95047,47.60136,45.38739,42.72989,38.4906,37.41586,32.71004,0.7604674,1.107273,1.46323,1.956429,2.212324,2.120203,1.881384,2.857579,3.619469,3.719366,3.816213,4.019061,3.782778,3.768062,3.778637,3.544104,3.547639,3.383596
b3_90c,90,5.53179,7.164402,8.750763,11.07878,12.56298,11.95613,10.40971,18.84955,29.48077,33.67431,37.43902,57.51163,47.36922,45.15585,42.5046,38.30951,37.24755,32.6159,0.7444194,1.122327,1.495491,1.991993,2.265356,2.174462,1.897349,2.980809,3.757925,3.837583,3.929262,4.098256,3.713392,3.689437,3.697073,3.472226,3.488657,3.341105
b3_90d,90,5.497213,7.165927,8.75948,11.07341,12.54155,11.95162,10.47359,18.74074,29.02257,33.15432,36.86735,56.85281,47.28286,45.07617,42.4168,38.20818,37.13695,32.47406,0.7567815,1.14836,1.527174,2.022802,2.30921,2.223559,1.979612,3.096533,3.95903,4.041975,4.121086,4.092404,3.814777,3.798769,3.815373,3.588315,3.595881,3.450483
b3_90e,90,5.533623,7.126074,8.720334,11.1119,12.49464,11.88058,10.4265,18.19419,28.18654,32.18504,35.70003,54.83612,47.01604,44.85484,42.20929,37.97321,36.88903,32.19413,0.7178553,1.073335,1.448313,2.003338,2.264039,2.157412,1.886413,3.010233,4.001524,4.124408,4.248903,4.364769,3.723245,3.714257,3.737363,3.510874,3.517044,3.344594
b3_100a,100,5.299181,6.688778,8.115249,10.30142,11.78111,11.13845,9.457394,16.98285,26.92795,30.59817,33.69852,50.73323,45.60564,43.44936,40.80082,36.65554,35.58743,31.11723,0.8473647,1.200418,1.56814,2.061552,2.360249,2.244808,1.876811,3.168384,4.504092,4.642064,4.756795,4.891465,4.148617,4.118681,4.124384,3.853367,3.858152,3.66148
b3_100b,100,5.29026,6.788994,8.329268,10.70931,12.34731,11.63728,9.687336,17.99283,29.31241,33.18861,36.42403,53.48886,46.64747,44.50529,41.90471,37.74865,36.68469,32.1318,0.9319672,1.432605,1.903134,2.517509,2.886589,2.751718,2.313919,3.891666,5.354643,5.534254,5.691025,5.867776,5.002581,4.960681,4.957117,4.620533,4.629175,4.386545
b3_100c,100,5.304803,6.51659,7.847064,9.958839,11.50857,10.85231,9.055612,16.5947,26.83592,30.44731,33.42941,49.8737,45.51059,43.38866,40.76114,36.60946,35.54118,31.07735,0.8392287,1.173544,1.538062,2.037502,2.362788,2.240624,1.820081,3.163371,4.395566,4.540245,4.663908,4.836226,4.184054,4.159794,4.176365,3.924343,3.934484,3.766835
b3_100d,100,5.315973,6.704715,8.189124,10.52044,11.8485,11.18918,9.60277,16.71091,26.26819,29.91758,33.00248,50.24989,45.61245,43.46664,40.81464,36.66579,35.61066,31.16743,0.8940658,1.298126,1.716045,2.288182,2.588328,2.467647,2.126291,3.521113,5.00804,5.181657,5.315385,5.289379,4.779459,4.759892,4.779956,4.474895,4.482298,4.258245
b3_100e,100,5.365834,6.693879,8.114384,10.31865,11.94741,11.2713,9.382924,17.55091,28.62294,32.40103,35.53452,52.13151,46.00251,43.86206,41.25531,37.13256,36.06744,31.56118,0.8530313,1.278952,1.709856,2.287346,2.655622,2.524366,2.089448,3.591505,4.981131,5.118608,5.248894,5.321815,4.275671,4.253192,4.288528,4.055162,4.075164,3.917741
b4_00a,0,7.84205,11.79477,15.30778,20.36267,24.39438,22.99521,18.9943,30.95713,50.57009,54.88908,56.91937,64.48373,61.66243,59.95067,57.33968,50.4946,48.49516,39.71045,1.505769,2.619366,3.375943,4.154315,4.780858,4.677708,4.100275,5.691747,5.865201,5.661083,5.639985,5.29418,4.651569,4.629538,4.637466,4.293417,4.3379,4.174677
b4_00b,0,7.761931,11.18359,14.53622,19.61786,23.25124,21.77631,17.84901,28.71879,47.99105,52.3589,54.34533,62.16179,61.30548,59.63658,57.01895,50.11733,48.11978,39.31662,1.41485,2.365059,2.995606,3.56917,4.131427,4.082242,3.585717,5.171949,5.338989,5.134895,5.145175,4.855569,3.939205,3.891793,3.860123,3.503329,3.535694,3.403842
b4_00c,0,8.447559,12.77847,16.5459,21.85087,26.11323,24.67693,20.42226,33.43426,53.41998,57.67539,59.70955,66.96499,63.11687,61.31313,58.58924,51.44885,49.41177,40.32147,1.688538,2.860435,3.634862,4.373875,4.94071,4.850414,4.315362,5.599405,5.395529,5.143296,5.083751,4.766087,4.44144,4.436953,4.444371,4.134825,4.187107,4.073719
b4_00d,0,8.028541,11.88598,15.46728,20.72762,24.59238,23.14157,19.12305,31.03713,50.71515,55.10839,57.20776,65.11495,62.52676,60.76952,58.05646,50.98409,48.98643,40.03654,1.485793,2.472278,3.119759,3.7187,4.226303,4.178581,3.773574,5.017575,4.901755,4.676189,4.639771,4.289841,3.931756,3.946986,4.001578,3.838052,3.926353,3.989841
b4_00e,0,8.061104,12.0402,15.66329,20.92713,24.88955,23.42406,19.27462,31.21407,50.78636,55.05398,57.0408,64.43362,61.6403,59.86747,57.16547,50.15009,48.10283,39.10237,1.649868,2.776794,3.504295,4.199016,4.764272,4.680287,4.175519,5.511434,5.488363,5.270566,5.219922,4.817593,4.483798,4.477221,4.493421,4.194234,4.248574,4.153647
b4_00f,0,7.163202,10.66254,14.05956,19.40593,22.15326,20.72388,17.44781,26.40493,42.90873,47.39458,49.68956,60.28324,60.45347,58.6584,55.70982,48.44441,46.38424,37.26194,1.257602,2.103811,2.717973,3.369413,3.788608,3.695278,3.245824,4.370011,4.741908,4.722656,4.769486,4.838275,4.668651,4.621084,4.548573,4.080606,4.093383,3.834549
b4_00g,0,7.187798,11.08472,14.56754,19.81738,23.00448,21.65191,18.30358,28.47682,45.95497,50.57705,52.94403,63.41247,62.96233,61.22694,58.4107,51.06208,48.96116,39.51607,1.446226,2.57993,3.320041,4.08683,4.640649,4.559567,4.085446,5.574486,5.714416,5.572116,5.564058,5.417389,4.913001,4.87408,4.834064,4.387462,4.403073,4.200843
b4_10a,10,6.897813,10.28106,13.23101,17.34048,20.21264,19.15144,16.23959,26.70484,42.60149,47.09919,49.87965,62.54579,58.10216,56.23621,53.44011,47.07084,45.27239,37.11902,1.162529,2.07466,2.665246,3.258413,3.671448,3.584274,3.159831,4.222154,4.553594,4.465325,4.456367,4.372595,4.158776,4.121825,4.098248,3.767828,3.784432,3.583318
b4_10b,10,7.01633,10.38759,13.38188,17.52761,20.35192,19.29981,16.4071,26.95835,42.52509,46.95377,49.72101,62.51835,57.914,56.04116,53.2293,46.94458,45.21809,37.28085,1.134577,1.947829,2.464089,2.981281,3.336705,3.258233,2.880488,3.838552,4.256498,4.208982,4.192508,4.124897,4.010183,3.987887,3.979066,3.697101,3.719304,3.558202
b4_10c,10,7.030708,10.51205,13.59093,17.8728,20.82936,19.74959,16.76243,27.63503,43.5513,48.02404,50.80453,63.4211,58.75933,56.86666,54.03303,47.57076,45.77977,37.56945,1.196694,2.102113,2.699808,3.329532,3.723267,3.62931,3.206932,4.155251,4.29357,4.141932,4.072525,3.832687,3.697376,3.689548,3.70782,3.53337,3.586648,3.555228
b4_10d,10,7.067995,10.27616,13.37123,17.93314,20.56808,19.4088,16.50482,26.26324,41.86777,46.32614,49.03178,61.7197,58.35725,56.50432,53.68226,47.25583,45.48839,37.36864,1.067813,1.873594,2.384732,2.898189,3.260881,3.20269,2.862035,3.915984,3.937473,3.766675,3.713236,3.459432,3.278549,3.281741,3.316039,3.188582,3.243082,3.259528
b4_10e,10,6.928804,10.08884,13.03368,17.27031,19.87375,18.80063,16.08742,25.70109,40.63198,45.03881,47.79254,61.08435,57.68114,55.79634,52.96042,46.66813,44.94305,37.03705,1.124163,1.977532,2.574678,3.212689,3.651092,3.562239,3.132325,4.358073,4.772341,4.646745,4.580227,4.251985,3.997312,3.986876,4.007088,3.803134,3.860475,3.783491
b4_20a,20,6.901595,10.33343,13.29684,17.3421,19.90785,18.92376,16.32777,26.21299,39.95507,44.19662,47.10351,61.47642,57.18474,55.22269,52.37251,46.28992,44.66354,37.13478,1.143958,2.074752,2.673236,3.311852,3.719229,3.621922,3.201238,4.171677,4.694577,4.580501,4.490831,4.063554,3.849282,3.808958,3.837805,3.572508,3.598175,3.460889
b4_20b,20,6.895362,10.22114,13.16215,17.21606,19.74342,18.74806,16.10991,26.0504,39.79253,44.04131,46.99408,61.80028,56.87186,54.87059,52.00176,45.97153,44.35482,36.88121,1.117628,2.058597,2.668879,3.319473,3.739254,3.637875,3.192073,4.236468,4.771001,4.645859,4.538113,3.947079,3.817861,3.795372,3.85211,3.646753,3.683552,3.584615
b4_20c,20,6.968341,10.26666,13.24144,17.40253,19.9555,18.93816,16.25487,26.33681,40.44446,44.7351,47.6759,62.2286,57.3063,55.33598,52.48771,46.46052,44.87671,37.45214,1.070928,1.966789,2.534341,3.111994,3.505493,3.422466,3.03172,3.980305,4.298625,4.143405,4.029861,3.530371,3.453148,3.441828,3.519415,3.389176,3.44654,3.439358
b4_20d,20,6.759538,9.787911,12.56956,16.4886,18.89022,17.89851,15.3102,25.13997,39.20944,43.59577,46.62051,61.63771,56.82839,54.82999,51.95768,45.93439,44.32723,36.86661,1.066122,1.897271,2.447085,3.033981,3.40966,3.323295,2.937885,3.93782,4.318018,4.20489,4.147375,3.824834,3.602723,3.566501,3.61481,3.433115,3.487748,3.447006
b4_20e,20,6.780025,9.787633,12.55779,16.45421,18.77496,17.79342,15.25423,24.82742,38.59298,42.90929,45.89206,60.91234,56.23784,54.25158,51.39557,45.46955,43.88441,36.58554,1.076882,1.912244,2.473666,3.071639,3.441515,3.350283,2.947902,4.003558,4.474149,4.370207,4.306231,3.947777,3.653872,3.62715,3.68472,3.510298,3.55241,3.484986
b4_30a,30,6.402802,9.221462,11.77475,15.3503,17.70024,16.80244,14.37908,24.13187,37.59792,41.90335,45.01026,60.77657,55.43806,53.46567,50.64089,45.01538,43.56257,36.6917,0.9916395,1.686839,2.221627,2.842283,3.197967,3.088563,2.675941,3.612326,4.108597,4.037835,3.987928,3.761064,3.468299,3.473718,3.500073,3.322086,3.345305,3.281381
b4_30b,30,6.413659,9.156284,11.67282,15.19779,17.39247,16.51623,14.19472,23.66114,36.7221,41.02947,44.20767,60.60366,55.12131,53.11397,50.27997,44.7254,43.31566,36.59507,0.9342999,1.632281,2.165588,2.778385,3.166806,3.064943,2.678285,3.741306,4.372598,4.328472,4.276098,3.942399,3.65482,3.671777,3.716407,3.52653,3.541468,3.421795
b4_30c,30,6.52694,9.382703,12.01649,15.75576,18.05072,17.12625,14.71549,24.33779,37.7433,42.04005,45.14074,60.85023,55.78514,53.81358,50.97836,45.29286,43.83906,36.91857,0.9419938,1.629725,2.151436,2.73794,3.097635,3.013657,2.670004,3.705392,4.19165,4.117949,4.080949,3.798065,3.463162,3.476132,3.524074,3.378126,3.405976,3.371814
b4_30d,30,6.487581,9.295712,11.91318,15.63748,17.89553,16.96648,14.54392,23.98947,37.36237,41.65079,44.69537,60.16228,55.53817,53.58154,50.7517,45.05946,43.59076,36.65284,0.9966427,1.69183,2.228846,2.904901,3.264255,3.139643,2.717719,3.700842,4.234918,4.177077,4.140541,4.022248,3.635205,3.625046,3.6411,3.434107,3.45608,3.349437
b4_30e,30,6.436681,9.323882,11.93394,15.5771,17.89525,16.99689,14.59774,24.15318,37.03514,41.19682,44.26629,60.27925,55.05326,53.04346,50.18789,44.57073,43.12962,36.31309,1.024543,1.751197,2.319396,3.020416,3.461261,3.34343,2.904605,4.075656,4.850255,4.836229,4.814856,4.572112,4.192651,4.188457,4.201167,3.94162,3.953668,3.780815
b4_40a,40,6.238756,8.832436,11.17365,14.42655,16.77659,15.93525,13.44191,23.80049,37.86208,42.37503,45.72304,62.18689,54.11843,52.0968,49.32302,44.07041,42.70823,36.29385,0.9498754,1.718323,2.304931,2.99803,3.444132,3.323548,2.880526,3.977834,4.616789,4.555839,4.511927,4.362912,4.240829,4.224051,4.233775,4.00083,4.046403,3.936928
b4_40b,40,6.434803,9.151339,11.60794,15.0373,17.39854,16.51643,13.93998,24.17008,38.06945,42.46138,45.69583,61.79696,54.28793,52.314,49.55483,44.29056,42.94421,36.53084,0.9783558,1.654799,2.191889,2.816072,3.203919,3.092009,2.661251,3.699127,4.309643,4.292541,4.295422,4.418763,4.063029,4.021059,3.993201,3.668662,3.680719,3.460625
b4_40c,40,6.37614,8.917247,11.28159,14.65705,16.9885,16.10711,13.55569,23.79516,38.03205,42.53358,45.82152,61.99396,54.62182,52.63234,49.87423,44.56501,43.20962,36.74857,0.9493145,1.62441,2.143865,2.749316,3.128607,3.024651,2.614882,3.651599,4.230221,4.168744,4.125074,3.905872,3.757046,3.747831,3.774318,3.544246,3.571472,3.423686
b4_40d,40,6.476954,9.189334,11.69166,15.24765,17.64381,16.73504,14.09127,24.2879,38.27805,42.61026,45.76326,61.55647,54.43653,52.44613,49.6709,44.33165,42.97203,36.50082,0.9771463,1.721867,2.291311,2.969749,3.390763,3.275563,2.837082,3.850849,4.628673,4.573733,4.474952,3.897971,4.073469,4.101751,4.145412,3.878751,3.887877,3.667649
b4_40e,40,6.339067,8.937119,11.32298,14.70296,16.89912,16.03559,13.59952,23.23773,36.42806,40.72361,43.92958,60.5131,53.60327,51.5869,48.7916,43.57162,42.24118,35.94754,0.9933266,1.752515,2.331621,3.020746,3.449742,3.326063,2.861003,3.913217,4.732031,4.709662,4.650114,4.322051,4.186403,4.172327,4.176056,3.829446,3.82509,3.541637
b4_50a,50,6.04688,8.172302,10.25603,13.26514,15.37721,14.54436,12.29327,21.76821,35.39274,39.82898,43.12529,60.21132,52.61993,50.57362,47.76354,42.73264,41.44626,35.39459,0.8922598,1.416089,1.867682,2.484839,2.936726,2.826929,2.452178,3.608727,4.5987,4.547266,4.422417,3.738332,3.627131,3.636142,3.698023,3.420541,3.424799,3.213227
b4_50b,50,6.163068,8.226542,10.31619,13.39639,15.53109,14.6603,12.29043,21.74508,35.92952,40.41509,43.62911,59.97289,52.84825,50.83808,48.0506,42.93393,41.60756,35.39531,0.885929,1.385523,1.824916,2.411232,2.798033,2.694508,2.331711,3.461933,4.153847,4.121121,4.084384,3.863007,3.493937,3.475746,3.508444,3.274227,3.292694,3.145056
b4_50c,50,6.15241,8.257171,10.34351,13.37085,15.48139,14.63018,12.2894,21.78771,35.6776,40.15426,43.4381,60.20757,52.5461,50.52654,47.74277,42.74195,41.45756,35.4016,0.7948603,1.248984,1.65261,2.168637,2.504857,2.41678,2.10302,3.12618,3.737702,3.733872,3.723142,3.607256,3.336464,3.31067,3.34875,3.160261,3.18972,3.061375
b4_50d,50,6.15353,8.205298,10.26869,13.29686,15.4172,14.56039,12.20797,21.73607,35.71231,40.13722,43.36565,59.95888,52.43752,50.4362,47.66422,42.70633,41.4449,35.47805,0.9170417,1.365408,1.772824,2.328434,2.730278,2.625045,2.235344,3.420383,4.313553,4.307158,4.277249,4.097753,3.7682,3.747004,3.77467,3.53442,3.557693,3.386676
b4_50e,50,6.073895,8.175087,10.26525,13.3061,15.39957,14.55849,12.29665,21.64839,35.38853,39.81879,43.05281,59.71198,52.43034,50.41625,47.62975,42.6265,41.34668,35.30596,0.8894693,1.384948,1.850791,2.488723,2.907092,2.799428,2.446855,3.589448,4.385452,4.397165,4.38807,4.185433,3.998213,3.97603,4.007142,3.73382,3.754347,3.559612
b4_60a,60,5.955081,7.76258,9.670581,12.54807,14.4592,13.6174,11.29292,19.96549,33.10527,37.35743,40.43192,56.64378,51.13401,49.11968,46.36055,41.55506,40.35166,34.64566,0.817873,1.22622,1.625705,2.203418,2.523013,2.403312,2.00879,3.072227,3.988695,4.030567,4.057396,3.999183,3.552837,3.535278,3.522873,3.292265,3.316627,3.189947
b4_60b,60,5.947991,7.772645,9.719581,12.69863,14.55673,13.70394,11.4106,19.84064,32.73324,36.94991,40.01738,56.32393,51.14701,49.14856,46.3839,41.55898,40.34082,34.5913,0.8130145,1.229974,1.642425,2.211225,2.525713,2.423787,2.067535,3.148301,3.889045,3.900565,3.919346,3.791148,3.301075,3.286377,3.29247,3.105207,3.130111,3.001364
b4_60c,60,5.967015,7.740013,9.666354,12.62639,14.48058,13.62514,11.30891,19.95213,33.21759,37.54251,40.67973,57.13155,51.3787,49.37664,46.61212,41.78544,40.58237,34.82817,0.7884693,1.167767,1.523715,2.034545,2.340263,2.244589,1.896364,3.015278,3.841514,3.878914,3.914251,3.893217,3.433529,3.428166,3.440577,3.260153,3.292839,3.174132
b4_60d,60,5.978419,7.727562,9.644522,12.62295,14.44151,13.5706,11.25361,19.57401,32.67979,36.93199,39.96478,56.05465,51.0513,49.06159,46.29223,41.43988,40.20539,34.39217,0.8463087,1.223202,1.601524,2.177124,2.474856,2.362698,1.991673,3.10928,4.030019,4.054514,4.089107,3.921214,3.37692,3.383719,3.427474,3.282075,3.318709,3.230826
b4_60e,60,5.957363,7.836408,9.841181,12.90143,14.77426,13.9007,11.55937,20.0294,32.9181,37.11653,40.1389,56.23451,51.13443,49.13602,46.3564,41.47798,40.23698,34.39414,0.8406527,1.274045,1.703839,2.33554,2.631135,2.505962,2.119092,3.151102,4.018338,4.062951,4.103983,4.121971,3.526229,3.498788,3.486738,3.267557,3.292635,3.153665
b4_70a,70,5.84139,7.730942,9.680136,12.61903,14.62046,13.77009,11.33363,20.08951,33.0177,37.14679,40.1237,56.11766,51.00517,49.01132,46.23334,41.47049,40.24981,34.62306,0.8928324,1.393903,1.859679,2.540752,2.903243,2.76539,2.318044,3.374268,4.391998,4.418091,4.413661,4.105794,3.89726,3.881385,3.920061,3.670025,3.679661,3.477799
b4_70b,70,5.839605,7.649774,9.588679,12.57831,14.48591,13.62538,11.21927,19.87043,32.92693,37.11571,40.13063,56.31789,51.10017,49.09899,46.31036,41.54134,40.32479,34.67936,0.8244747,1.243277,1.653245,2.249842,2.587897,2.469635,2.055572,3.167042,4.129956,4.179657,4.215672,4.223646,3.838819,3.792463,3.797852,3.513014,3.529565,3.319972
b4_70c,70,5.911277,7.793172,9.780265,12.83379,14.72258,13.85172,11.43275,19.97971,32.75278,36.86664,39.8437,55.95792,51.07351,49.07285,46.28756,41.52522,40.32461,34.74095,0.8225927,1.257898,1.671836,2.242979,2.521628,2.412615,2.016926,3.081846,4.012914,4.075568,4.13918,4.234089,3.823434,3.757801,3.741803,3.456507,3.481215,3.297871
b4_70d,70,5.881526,7.766464,9.756054,12.79516,14.66677,13.80037,11.40798,19.81842,32.17358,36.18023,39.1035,55.24696,50.80971,48.80894,46.00811,41.26753,40.07659,34.5434,0.9127692,1.407947,1.877999,2.555585,2.906668,2.774589,2.324015,3.526924,4.522978,4.55876,4.590154,4.401187,4.149279,4.110186,4.124384,3.821449,3.834221,3.591347
b4_70e,70,5.863992,7.667697,9.644124,12.7495,14.41192,13.55139,11.31108,19.03014,30.7618,34.71812,37.58401,53.90725,50.41796,48.41526,45.59449,40.82471,39.61052,34.05214,0.8807297,1.265597,1.660636,2.234738,2.560166,2.445961,2.016521,3.344485,4.577933,4.653559,4.70737,4.641305,4.162089,4.112846,4.114577,3.811962,3.812557,3.54419
b4_80a,80,5.75611,7.441371,9.229985,11.94558,13.6725,12.89552,10.73553,18.64495,29.84366,33.70171,36.61784,53.17598,49.2542,47.20176,44.39833,39.86495,38.76363,33.56582,0.8065867,1.234108,1.649271,2.215187,2.496935,2.385446,1.997959,2.979179,3.83609,3.896655,3.955117,4.042826,3.691863,3.659749,3.639663,3.375943,3.389867,3.190941
b4_80b,80,5.803188,7.527328,9.384823,12.2575,13.9439,13.13511,10.9321,18.83227,30.22097,34.08392,36.99424,53.57076,49.66835,47.60528,44.7846,40.16607,39.03783,33.71794,0.797822,1.204331,1.614033,2.199519,2.470743,2.353205,1.965211,3.020954,4.09751,4.16844,4.205986,4.052254,3.587148,3.570446,3.564915,3.330875,3.343314,3.158157
b4_80c,80,5.803721,7.489918,9.318183,12.13838,13.71898,12.92289,10.80507,18.2726,29.0234,32.79023,35.64967,52.30301,48.72302,46.65802,43.83687,39.34534,38.25124,33.12529,0.8265486,1.255497,1.676599,2.256723,2.569884,2.459359,2.063457,3.175817,4.12667,4.157354,4.18989,4.045182,3.578044,3.569472,3.580842,3.363991,3.376393,3.202319
b4_80d,80,5.690519,7.318246,9.11581,11.94534,13.43112,12.63993,10.58604,17.85879,28.61601,32.42187,35.29972,52.10134,48.75033,46.68726,43.8718,39.34702,38.24242,33.07235,0.8381381,1.218724,1.604951,2.156155,2.424156,2.315013,1.909967,3.082657,4.198411,4.280658,4.362333,4.437022,3.941299,3.896205,3.851285,3.541989,3.546319,3.302166
b4_80e,80,5.846698,7.562594,9.451435,12.42808,13.88756,13.06787,11.02267,18.11535,28.53963,32.29807,35.14558,51.86263,49.1949,47.13019,44.29115,39.68749,38.57172,33.34336,0.8278885,1.275235,1.696174,2.286463,2.537763,2.424634,2.033487,3.045321,3.954075,3.976672,4.003137,3.782456,3.422423,3.427283,3.451467,3.281527,3.304925,3.179407
b4_90a,90,5.61955,7.018383,8.604918,11.08389,12.7073,11.97308,9.846968,17.35372,28.06281,31.81061,34.65833,50.71875,47.75645,45.72693,42.99984,38.59917,37.5507,32.57192,0.7542849,1.106526,1.476603,1.991457,2.316203,2.197313,1.763012,2.996395,4.186317,4.247473,4.285324,3.964327,3.339088,3.345097,3.378106,3.257442,3.295703,3.22719
b4_90b,90,5.544529,7.035135,8.682893,11.27583,12.84842,12.09067,9.9448,17.36528,28.24352,32.03653,34.8641,50.83252,48.31354,46.28874,43.55038,39.05639,37.99018,32.90361,0.8194365,1.203743,1.61203,2.195535,2.574828,2.449942,1.989626,3.456236,4.898566,4.984982,5.036973,4.763389,4.047071,4.039452,4.053345,3.859706,3.8849,3.728289
b4_90c,90,5.647251,7.216798,8.962349,11.71782,13.35545,12.56371,10.30434,17.94609,28.93455,32.68821,35.49091,51.31926,48.52321,46.50138,43.75552,39.26085,38.20129,33.11397,0.8340437,1.262281,1.725285,2.396353,2.847097,2.706605,2.194895,3.780122,5.218647,5.275097,5.285777,4.755203,4.263155,4.276405,4.296112,4.074406,4.090796,3.887419
b4_90d,90,5.658565,7.125106,8.843882,11.65793,12.88147,12.11598,10.21578,16.73285,26.47272,30.20009,33.02,49.51142,47.89746,45.86524,43.07639,38.56886,37.52152,32.48195,0.777324,1.153058,1.572101,2.19119,2.534407,2.407902,1.970491,3.366494,4.690207,4.7893,4.837772,4.609646,3.908653,3.898137,3.897781,3.693059,3.7198,3.546212
b4_90e,90,5.609645,7.141199,8.873244,11.66343,13.01588,12.23817,10.22221,17.03382,27.12289,30.84585,33.661,50.05249,48.06233,46.02028,43.23141,38.69395,37.62758,32.52603,0.8156152,1.183833,1.595061,2.217931,2.504298,2.368843,1.944841,3.12788,4.368573,4.453539,4.507465,4.380903,3.720677,3.716377,3.726296,3.549095,3.569349,3.418864
b4_100a,100,5.494994,6.523412,7.88456,10.10655,12.05448,11.2364,8.807401,16.96973,32.31671,36.63549,39.23001,51.95127,47.67902,45.83059,43.24662,39.13229,38.01905,33.12546,0.8695258,1.138391,1.453912,1.936274,2.344986,2.21256,1.707185,3.178383,4.886052,4.953358,4.948671,4.573139,3.890654,3.842559,3.878346,3.630328,3.65278,3.502584
b4_100b,100,5.594322,6.629585,8.048546,10.41724,12.50437,11.61918,8.928802,17.50574,34.13458,38.55362,41.10716,53.14059,48.58994,46.7362,44.14665,39.9119,38.76829,33.69785,0.8547418,1.154421,1.484433,2.002674,2.420128,2.278171,1.732202,3.229862,4.92529,5.008736,5.043214,4.783701,4.21366,4.160451,4.207781,3.940343,3.968216,3.813815
b4_100c,100,5.660409,6.637669,8.01197,10.32069,12.24628,11.37927,8.846861,16.87066,32.76542,37.20849,39.75719,51.99304,48.52039,46.69603,44.10546,39.85713,38.72253,33.65388,0.7653645,1.024004,1.31665,1.778153,2.192441,2.071544,1.571564,3.175585,5.010593,5.075288,5.096446,4.734722,3.775242,3.715451,3.754154,3.514234,3.540071,3.401114
b4_100d,100,5.631588,6.670009,8.094475,10.48526,12.52771,11.64156,9.006634,17.45675,33.70656,38.13523,40.73125,53.23434,48.98157,47.12156,44.51793,40.2374,39.10004,34.0017,0.7696788,1.050942,1.368744,1.870642,2.294418,2.165449,1.654833,3.171919,4.864654,4.89025,4.885995,4.413522,3.847475,3.803194,3.859864,3.628385,3.662297,3.552191
b4_100e,100,5.576467,6.527853,7.87804,10.15933,12.12509,11.26223,8.705402,16.82534,32.69173,37.01958,39.57441,52.17599,48.1653,46.3211,43.72392,39.53976,38.41261,33.42704,0.8278067,1.064496,1.349278,1.801641,2.164255,2.042147,1.562934,2.924732,4.522176,4.541813,4.523557,4.04463,3.580338,3.541917,3.596099,3.39126,3.41608,3.315831
b4_100f,100,5.512597,6.725721,8.146228,10.35769,11.8735,11.16632,9.273702,16.5306,27.91282,31.8407,34.72821,51.58755,46.70575,44.67926,41.81733,37.66948,36.62814,31.86815,0.7263948,0.9811377,1.259169,1.663198,1.930397,1.838751,1.526456,2.668,3.999732,4.126588,4.201165,4.407572,3.675825,3.600618,3.581507,3.270966,3.275887,3.047463
b4_100g,100,5.481741,6.702598,8.136889,10.3736,11.92425,11.20947,9.271148,16.73366,28.47996,32.54454,35.51109,52.34628,47.28484,45.25103,42.39103,38.17768,37.11983,32.28316,0.8413342,1.136823,1.45555,1.930102,2.261341,2.149028,1.759506,3.087921,4.488726,4.595011,4.655506,4.594418,4.091539,4.027408,4.034269,3.72336,3.741109,3.531511
